"","Gen","variable","value","FracOfAll"
"1",1,"10",0,0
"11",11,"10",0,0
"21",21,"10",0,0
"31",31,"10",1,0.000546448087431694
"41",41,"10",4,0.00222098833981122
"51",51,"10",0,0
"61",61,"10",0,0
"71",71,"10",0,0
"81",81,"10",0,0
"91",91,"10",0,0
"101",101,"10",0,0
"111",111,"10",0,0
"121",121,"10",0,0
"131",131,"10",0,0
"141",141,"10",0,0
"151",151,"10",0,0
"161",161,"10",0,0
"171",171,"10",0,0
"181",181,"10",0,0
"191",191,"10",0,0
"201",201,"10",0,0
"211",211,"10",0,0
"221",221,"10",0,0
"231",231,"10",0,0
"241",241,"10",0,0
"251",251,"10",0,0
"261",261,"10",0,0
"271",271,"10",0,0
"281",281,"10",0,0
"291",291,"10",0,0
"300",300,"10",0,0
"302",1,"101",0,0
"312",11,"101",0,0
"322",21,"101",0,0
"332",31,"101",0,0
"342",41,"101",0,0
"352",51,"101",0,0
"362",61,"101",0,0
"372",71,"101",0,0
"382",81,"101",0,0
"392",91,"101",0,0
"402",101,"101",0,0
"412",111,"101",0,0
"422",121,"101",0,0
"432",131,"101",0,0
"442",141,"101",0,0
"452",151,"101",0,0
"462",161,"101",0,0
"472",171,"101",0,0
"482",181,"101",0,0
"492",191,"101",0,0
"502",201,"101",0,0
"512",211,"101",0,0
"522",221,"101",0,0
"532",231,"101",0,0
"542",241,"101",0,0
"552",251,"101",0,0
"562",261,"101",0,0
"572",271,"101",0,0
"582",281,"101",0,0
"592",291,"101",0,0
"601",300,"101",0,0
"603",1,"1025",0,0
"613",11,"1025",0,0
"623",21,"1025",0,0
"633",31,"1025",0,0
"643",41,"1025",0,0
"653",51,"1025",0,0
"663",61,"1025",0,0
"673",71,"1025",0,0
"683",81,"1025",0,0
"693",91,"1025",0,0
"703",101,"1025",0,0
"713",111,"1025",0,0
"723",121,"1025",0,0
"733",131,"1025",0,0
"743",141,"1025",0,0
"753",151,"1025",0,0
"763",161,"1025",0,0
"773",171,"1025",0,0
"783",181,"1025",0,0
"793",191,"1025",0,0
"803",201,"1025",0,0
"813",211,"1025",0,0
"823",221,"1025",0,0
"833",231,"1025",0,0
"843",241,"1025",0,0
"853",251,"1025",0,0
"863",261,"1025",0,0
"873",271,"1025",0,0
"883",281,"1025",0,0
"893",291,"1025",0,0
"902",300,"1025",0,0
"904",1,"11",0,0
"914",11,"11",0,0
"924",21,"11",0,0
"934",31,"11",2,0.00109289617486339
"944",41,"11",1,0.000555247084952804
"954",51,"11",7,0.00376546530392684
"964",61,"11",3,0.00170357751277683
"974",71,"11",3,0.00177725118483412
"984",81,"11",5,0.00265957446808511
"994",91,"11",8,0.0045045045045045
"1004",101,"11",10,0.00527426160337553
"1014",111,"11",1,0.00058411214953271
"1024",121,"11",11,0.00593952483801296
"1034",131,"11",15,0.00827814569536424
"1044",141,"11",53,0.0299773755656109
"1054",151,"11",24,0.0132450331125828
"1064",161,"11",9,0.00507900677200903
"1074",171,"11",2,0.00111669458403127
"1084",181,"11",0,0
"1094",191,"11",2,0.00108754758020663
"1104",201,"11",0,0
"1114",211,"11",0,0
"1124",221,"11",0,0
"1134",231,"11",0,0
"1144",241,"11",0,0
"1154",251,"11",0,0
"1164",261,"11",0,0
"1174",271,"11",0,0
"1184",281,"11",0,0
"1194",291,"11",0,0
"1203",300,"11",0,0
"1205",1,"117",0,0
"1215",11,"117",0,0
"1225",21,"117",0,0
"1235",31,"117",0,0
"1245",41,"117",0,0
"1255",51,"117",0,0
"1265",61,"117",0,0
"1275",71,"117",0,0
"1285",81,"117",0,0
"1295",91,"117",0,0
"1305",101,"117",0,0
"1315",111,"117",0,0
"1325",121,"117",0,0
"1335",131,"117",0,0
"1345",141,"117",0,0
"1355",151,"117",0,0
"1365",161,"117",0,0
"1375",171,"117",0,0
"1385",181,"117",0,0
"1395",191,"117",0,0
"1405",201,"117",0,0
"1415",211,"117",0,0
"1425",221,"117",0,0
"1435",231,"117",0,0
"1445",241,"117",0,0
"1455",251,"117",0,0
"1465",261,"117",0,0
"1475",271,"117",0,0
"1485",281,"117",0,0
"1495",291,"117",0,0
"1504",300,"117",0,0
"1506",1,"1193",0,0
"1516",11,"1193",0,0
"1526",21,"1193",0,0
"1536",31,"1193",0,0
"1546",41,"1193",0,0
"1556",51,"1193",0,0
"1566",61,"1193",0,0
"1576",71,"1193",0,0
"1586",81,"1193",0,0
"1596",91,"1193",0,0
"1606",101,"1193",0,0
"1616",111,"1193",0,0
"1626",121,"1193",0,0
"1636",131,"1193",0,0
"1646",141,"1193",0,0
"1656",151,"1193",0,0
"1666",161,"1193",0,0
"1676",171,"1193",0,0
"1686",181,"1193",0,0
"1696",191,"1193",0,0
"1706",201,"1193",0,0
"1716",211,"1193",0,0
"1726",221,"1193",0,0
"1736",231,"1193",0,0
"1746",241,"1193",0,0
"1756",251,"1193",0,0
"1766",261,"1193",0,0
"1776",271,"1193",0,0
"1786",281,"1193",0,0
"1796",291,"1193",0,0
"1805",300,"1193",0,0
"1807",1,"12",0,0
"1817",11,"12",0,0
"1827",21,"12",0,0
"1837",31,"12",0,0
"1847",41,"12",0,0
"1857",51,"12",0,0
"1867",61,"12",0,0
"1877",71,"12",0,0
"1887",81,"12",0,0
"1897",91,"12",0,0
"1907",101,"12",0,0
"1917",111,"12",0,0
"1927",121,"12",0,0
"1937",131,"12",0,0
"1947",141,"12",0,0
"1957",151,"12",0,0
"1967",161,"12",0,0
"1977",171,"12",0,0
"1987",181,"12",0,0
"1997",191,"12",0,0
"2007",201,"12",0,0
"2017",211,"12",0,0
"2027",221,"12",0,0
"2037",231,"12",0,0
"2047",241,"12",0,0
"2057",251,"12",0,0
"2067",261,"12",0,0
"2077",271,"12",0,0
"2087",281,"12",0,0
"2097",291,"12",0,0
"2106",300,"12",0,0
"2108",1,"127",0,0
"2118",11,"127",0,0
"2128",21,"127",0,0
"2138",31,"127",0,0
"2148",41,"127",12,0.00666296501943365
"2158",51,"127",9,0.00484131253362023
"2168",61,"127",7,0.00397501419647927
"2178",71,"127",5,0.00296208530805687
"2188",81,"127",4,0.00212765957446809
"2198",91,"127",7,0.00394144144144144
"2208",101,"127",1,0.000527426160337553
"2218",111,"127",0,0
"2228",121,"127",0,0
"2238",131,"127",0,0
"2248",141,"127",0,0
"2258",151,"127",0,0
"2268",161,"127",0,0
"2278",171,"127",0,0
"2288",181,"127",0,0
"2298",191,"127",0,0
"2308",201,"127",0,0
"2318",211,"127",0,0
"2328",221,"127",0,0
"2338",231,"127",0,0
"2348",241,"127",0,0
"2358",251,"127",0,0
"2368",261,"127",0,0
"2378",271,"127",0,0
"2388",281,"127",0,0
"2398",291,"127",0,0
"2407",300,"127",0,0
"2409",1,"13",0,0
"2419",11,"13",0,0
"2429",21,"13",0,0
"2439",31,"13",0,0
"2449",41,"13",0,0
"2459",51,"13",0,0
"2469",61,"13",0,0
"2479",71,"13",0,0
"2489",81,"13",0,0
"2499",91,"13",0,0
"2509",101,"13",0,0
"2519",111,"13",0,0
"2529",121,"13",0,0
"2539",131,"13",0,0
"2549",141,"13",0,0
"2559",151,"13",0,0
"2569",161,"13",0,0
"2579",171,"13",0,0
"2589",181,"13",0,0
"2599",191,"13",0,0
"2609",201,"13",0,0
"2619",211,"13",0,0
"2629",221,"13",0,0
"2639",231,"13",0,0
"2649",241,"13",0,0
"2659",251,"13",0,0
"2669",261,"13",0,0
"2679",271,"13",0,0
"2689",281,"13",0,0
"2699",291,"13",0,0
"2708",300,"13",0,0
"2710",1,"131",0,0
"2720",11,"131",0,0
"2730",21,"131",0,0
"2740",31,"131",0,0
"2750",41,"131",0,0
"2760",51,"131",0,0
"2770",61,"131",0,0
"2780",71,"131",0,0
"2790",81,"131",0,0
"2800",91,"131",0,0
"2810",101,"131",0,0
"2820",111,"131",0,0
"2830",121,"131",0,0
"2840",131,"131",0,0
"2850",141,"131",0,0
"2860",151,"131",0,0
"2870",161,"131",0,0
"2880",171,"131",0,0
"2890",181,"131",0,0
"2900",191,"131",0,0
"2910",201,"131",0,0
"2920",211,"131",0,0
"2930",221,"131",0,0
"2940",231,"131",0,0
"2950",241,"131",0,0
"2960",251,"131",0,0
"2970",261,"131",0,0
"2980",271,"131",0,0
"2990",281,"131",0,0
"3000",291,"131",0,0
"3009",300,"131",0,0
"3011",1,"137",0,0
"3021",11,"137",0,0
"3031",21,"137",0,0
"3041",31,"137",0,0
"3051",41,"137",0,0
"3061",51,"137",0,0
"3071",61,"137",0,0
"3081",71,"137",0,0
"3091",81,"137",0,0
"3101",91,"137",0,0
"3111",101,"137",0,0
"3121",111,"137",0,0
"3131",121,"137",0,0
"3141",131,"137",0,0
"3151",141,"137",0,0
"3161",151,"137",0,0
"3171",161,"137",0,0
"3181",171,"137",0,0
"3191",181,"137",0,0
"3201",191,"137",0,0
"3211",201,"137",0,0
"3221",211,"137",0,0
"3231",221,"137",0,0
"3241",231,"137",0,0
"3251",241,"137",0,0
"3261",251,"137",0,0
"3271",261,"137",0,0
"3281",271,"137",0,0
"3291",281,"137",0,0
"3301",291,"137",0,0
"3310",300,"137",0,0
"3312",1,"1380",0,0
"3322",11,"1380",0,0
"3332",21,"1380",0,0
"3342",31,"1380",0,0
"3352",41,"1380",0,0
"3362",51,"1380",0,0
"3372",61,"1380",0,0
"3382",71,"1380",0,0
"3392",81,"1380",0,0
"3402",91,"1380",0,0
"3412",101,"1380",0,0
"3422",111,"1380",0,0
"3432",121,"1380",0,0
"3442",131,"1380",0,0
"3452",141,"1380",0,0
"3462",151,"1380",0,0
"3472",161,"1380",0,0
"3482",171,"1380",0,0
"3492",181,"1380",0,0
"3502",191,"1380",0,0
"3512",201,"1380",0,0
"3522",211,"1380",0,0
"3532",221,"1380",0,0
"3542",231,"1380",0,0
"3552",241,"1380",0,0
"3562",251,"1380",0,0
"3572",261,"1380",0,0
"3582",271,"1380",0,0
"3592",281,"1380",0,0
"3602",291,"1380",0,0
"3611",300,"1380",0,0
"3613",1,"141",0,0
"3623",11,"141",0,0
"3633",21,"141",0,0
"3643",31,"141",0,0
"3653",41,"141",3,0.00166574125485841
"3663",51,"141",2,0.00107584722969338
"3673",61,"141",0,0
"3683",71,"141",0,0
"3693",81,"141",0,0
"3703",91,"141",0,0
"3713",101,"141",0,0
"3723",111,"141",0,0
"3733",121,"141",0,0
"3743",131,"141",0,0
"3753",141,"141",0,0
"3763",151,"141",0,0
"3773",161,"141",0,0
"3783",171,"141",0,0
"3793",181,"141",0,0
"3803",191,"141",0,0
"3813",201,"141",0,0
"3823",211,"141",0,0
"3833",221,"141",0,0
"3843",231,"141",0,0
"3853",241,"141",0,0
"3863",251,"141",0,0
"3873",261,"141",0,0
"3883",271,"141",0,0
"3893",281,"141",0,0
"3903",291,"141",0,0
"3912",300,"141",0,0
"3914",1,"145",0,0
"3924",11,"145",0,0
"3934",21,"145",0,0
"3944",31,"145",0,0
"3954",41,"145",0,0
"3964",51,"145",0,0
"3974",61,"145",0,0
"3984",71,"145",0,0
"3994",81,"145",0,0
"4004",91,"145",0,0
"4014",101,"145",0,0
"4024",111,"145",0,0
"4034",121,"145",0,0
"4044",131,"145",0,0
"4054",141,"145",0,0
"4064",151,"145",0,0
"4074",161,"145",0,0
"4084",171,"145",0,0
"4094",181,"145",0,0
"4104",191,"145",0,0
"4114",201,"145",0,0
"4124",211,"145",0,0
"4134",221,"145",0,0
"4144",231,"145",0,0
"4154",241,"145",0,0
"4164",251,"145",0,0
"4174",261,"145",0,0
"4184",271,"145",0,0
"4194",281,"145",0,0
"4204",291,"145",0,0
"4213",300,"145",0,0
"4215",1,"148",0,0
"4225",11,"148",0,0
"4235",21,"148",0,0
"4245",31,"148",1,0.000546448087431694
"4255",41,"148",2,0.00111049416990561
"4265",51,"148",0,0
"4275",61,"148",0,0
"4285",71,"148",0,0
"4295",81,"148",0,0
"4305",91,"148",0,0
"4315",101,"148",0,0
"4325",111,"148",0,0
"4335",121,"148",0,0
"4345",131,"148",0,0
"4355",141,"148",0,0
"4365",151,"148",0,0
"4375",161,"148",0,0
"4385",171,"148",0,0
"4395",181,"148",0,0
"4405",191,"148",0,0
"4415",201,"148",0,0
"4425",211,"148",0,0
"4435",221,"148",0,0
"4445",231,"148",0,0
"4455",241,"148",0,0
"4465",251,"148",0,0
"4475",261,"148",0,0
"4485",271,"148",0,0
"4495",281,"148",0,0
"4505",291,"148",0,0
"4514",300,"148",0,0
"4516",1,"1503",0,0
"4526",11,"1503",0,0
"4536",21,"1503",0,0
"4546",31,"1503",0,0
"4556",41,"1503",0,0
"4566",51,"1503",0,0
"4576",61,"1503",0,0
"4586",71,"1503",0,0
"4596",81,"1503",0,0
"4606",91,"1503",0,0
"4616",101,"1503",0,0
"4626",111,"1503",0,0
"4636",121,"1503",0,0
"4646",131,"1503",0,0
"4656",141,"1503",0,0
"4666",151,"1503",0,0
"4676",161,"1503",0,0
"4686",171,"1503",0,0
"4696",181,"1503",0,0
"4706",191,"1503",0,0
"4716",201,"1503",0,0
"4726",211,"1503",0,0
"4736",221,"1503",0,0
"4746",231,"1503",0,0
"4756",241,"1503",0,0
"4766",251,"1503",0,0
"4776",261,"1503",0,0
"4786",271,"1503",0,0
"4796",281,"1503",0,0
"4806",291,"1503",0,0
"4815",300,"1503",0,0
"4817",1,"152",0,0
"4827",11,"152",0,0
"4837",21,"152",0,0
"4847",31,"152",0,0
"4857",41,"152",0,0
"4867",51,"152",0,0
"4877",61,"152",0,0
"4887",71,"152",0,0
"4897",81,"152",0,0
"4907",91,"152",0,0
"4917",101,"152",0,0
"4927",111,"152",0,0
"4937",121,"152",0,0
"4947",131,"152",0,0
"4957",141,"152",0,0
"4967",151,"152",0,0
"4977",161,"152",0,0
"4987",171,"152",0,0
"4997",181,"152",0,0
"5007",191,"152",0,0
"5017",201,"152",0,0
"5027",211,"152",0,0
"5037",221,"152",0,0
"5047",231,"152",0,0
"5057",241,"152",0,0
"5067",251,"152",0,0
"5077",261,"152",0,0
"5087",271,"152",0,0
"5097",281,"152",0,0
"5107",291,"152",0,0
"5116",300,"152",0,0
"5118",1,"154",0,0
"5128",11,"154",0,0
"5138",21,"154",0,0
"5148",31,"154",0,0
"5158",41,"154",1,0.000555247084952804
"5168",51,"154",0,0
"5178",61,"154",0,0
"5188",71,"154",0,0
"5198",81,"154",1,0.000531914893617021
"5208",91,"154",0,0
"5218",101,"154",0,0
"5228",111,"154",0,0
"5238",121,"154",0,0
"5248",131,"154",0,0
"5258",141,"154",0,0
"5268",151,"154",0,0
"5278",161,"154",0,0
"5288",171,"154",0,0
"5298",181,"154",0,0
"5308",191,"154",0,0
"5318",201,"154",0,0
"5328",211,"154",0,0
"5338",221,"154",0,0
"5348",231,"154",0,0
"5358",241,"154",0,0
"5368",251,"154",0,0
"5378",261,"154",0,0
"5388",271,"154",0,0
"5398",281,"154",0,0
"5408",291,"154",0,0
"5417",300,"154",0,0
"5419",1,"155",0,0
"5429",11,"155",0,0
"5439",21,"155",0,0
"5449",31,"155",0,0
"5459",41,"155",3,0.00166574125485841
"5469",51,"155",3,0.00161377084454008
"5479",61,"155",1,0.00056785917092561
"5489",71,"155",2,0.00118483412322275
"5499",81,"155",1,0.000531914893617021
"5509",91,"155",0,0
"5519",101,"155",0,0
"5529",111,"155",0,0
"5539",121,"155",0,0
"5549",131,"155",0,0
"5559",141,"155",0,0
"5569",151,"155",0,0
"5579",161,"155",0,0
"5589",171,"155",0,0
"5599",181,"155",0,0
"5609",191,"155",0,0
"5619",201,"155",0,0
"5629",211,"155",0,0
"5639",221,"155",0,0
"5649",231,"155",0,0
"5659",241,"155",0,0
"5669",251,"155",0,0
"5679",261,"155",0,0
"5689",271,"155",0,0
"5699",281,"155",0,0
"5709",291,"155",0,0
"5718",300,"155",0,0
"5720",1,"16",0,0
"5730",11,"16",0,0
"5740",21,"16",0,0
"5750",31,"16",0,0
"5760",41,"16",0,0
"5770",51,"16",0,0
"5780",61,"16",0,0
"5790",71,"16",0,0
"5800",81,"16",0,0
"5810",91,"16",0,0
"5820",101,"16",0,0
"5830",111,"16",0,0
"5840",121,"16",0,0
"5850",131,"16",0,0
"5860",141,"16",0,0
"5870",151,"16",0,0
"5880",161,"16",0,0
"5890",171,"16",0,0
"5900",181,"16",0,0
"5910",191,"16",0,0
"5920",201,"16",0,0
"5930",211,"16",0,0
"5940",221,"16",0,0
"5950",231,"16",0,0
"5960",241,"16",0,0
"5970",251,"16",0,0
"5980",261,"16",0,0
"5990",271,"16",0,0
"6000",281,"16",0,0
"6010",291,"16",0,0
"6019",300,"16",0,0
"6021",1,"162",0,0
"6031",11,"162",0,0
"6041",21,"162",0,0
"6051",31,"162",0,0
"6061",41,"162",1,0.000555247084952804
"6071",51,"162",2,0.00107584722969338
"6081",61,"162",8,0.00454287336740488
"6091",71,"162",7,0.00414691943127962
"6101",81,"162",12,0.00638297872340425
"6111",91,"162",5,0.00281531531531532
"6121",101,"162",1,0.000527426160337553
"6131",111,"162",0,0
"6141",121,"162",0,0
"6151",131,"162",3,0.00165562913907285
"6161",141,"162",10,0.00565610859728507
"6171",151,"162",0,0
"6181",161,"162",5,0.00282167042889391
"6191",171,"162",15,0.00837520938023451
"6201",181,"162",2,0.00116144018583043
"6211",191,"162",13,0.00706905927134312
"6221",201,"162",17,0.00947075208913649
"6231",211,"162",15,0.00821467688937568
"6241",221,"162",8,0.00437397484964461
"6251",231,"162",18,0.0109024833434282
"6261",241,"162",11,0.00585106382978723
"6271",251,"162",3,0.00171919770773639
"6281",261,"162",28,0.0147835269271383
"6291",271,"162",14,0.0072992700729927
"6301",281,"162",8,0.00441257584114727
"6311",291,"162",1,0.000552791597567717
"6320",300,"162",5,0.0026581605528974
"6322",1,"17",0,0
"6332",11,"17",0,0
"6342",21,"17",0,0
"6352",31,"17",0,0
"6362",41,"17",3,0.00166574125485841
"6372",51,"17",0,0
"6382",61,"17",0,0
"6392",71,"17",0,0
"6402",81,"17",0,0
"6412",91,"17",0,0
"6422",101,"17",0,0
"6432",111,"17",0,0
"6442",121,"17",0,0
"6452",131,"17",0,0
"6462",141,"17",0,0
"6472",151,"17",0,0
"6482",161,"17",0,0
"6492",171,"17",0,0
"6502",181,"17",0,0
"6512",191,"17",0,0
"6522",201,"17",0,0
"6532",211,"17",0,0
"6542",221,"17",0,0
"6552",231,"17",0,0
"6562",241,"17",0,0
"6572",251,"17",0,0
"6582",261,"17",0,0
"6592",271,"17",0,0
"6602",281,"17",0,0
"6612",291,"17",0,0
"6621",300,"17",0,0
"6623",1,"1804",0,0
"6633",11,"1804",0,0
"6643",21,"1804",0,0
"6653",31,"1804",0,0
"6663",41,"1804",0,0
"6673",51,"1804",0,0
"6683",61,"1804",0,0
"6693",71,"1804",0,0
"6703",81,"1804",0,0
"6713",91,"1804",0,0
"6723",101,"1804",0,0
"6733",111,"1804",0,0
"6743",121,"1804",0,0
"6753",131,"1804",0,0
"6763",141,"1804",0,0
"6773",151,"1804",0,0
"6783",161,"1804",0,0
"6793",171,"1804",0,0
"6803",181,"1804",0,0
"6813",191,"1804",0,0
"6823",201,"1804",0,0
"6833",211,"1804",0,0
"6843",221,"1804",0,0
"6853",231,"1804",0,0
"6863",241,"1804",0,0
"6873",251,"1804",0,0
"6883",261,"1804",0,0
"6893",271,"1804",0,0
"6903",281,"1804",0,0
"6913",291,"1804",0,0
"6922",300,"1804",0,0
"6924",1,"1819",0,0
"6934",11,"1819",0,0
"6944",21,"1819",0,0
"6954",31,"1819",0,0
"6964",41,"1819",0,0
"6974",51,"1819",0,0
"6984",61,"1819",1,0.00056785917092561
"6994",71,"1819",2,0.00118483412322275
"7004",81,"1819",9,0.00478723404255319
"7014",91,"1819",7,0.00394144144144144
"7024",101,"1819",0,0
"7034",111,"1819",1,0.00058411214953271
"7044",121,"1819",0,0
"7054",131,"1819",2,0.0011037527593819
"7064",141,"1819",33,0.0186651583710407
"7074",151,"1819",40,0.022075055187638
"7084",161,"1819",36,0.0203160270880361
"7094",171,"1819",18,0.0100502512562814
"7104",181,"1819",8,0.00464576074332172
"7114",191,"1819",20,0.0108754758020663
"7124",201,"1819",9,0.00501392757660167
"7134",211,"1819",0,0
"7144",221,"1819",0,0
"7154",231,"1819",0,0
"7164",241,"1819",0,0
"7174",251,"1819",0,0
"7184",261,"1819",0,0
"7194",271,"1819",0,0
"7204",281,"1819",0,0
"7214",291,"1819",0,0
"7223",300,"1819",0,0
"7225",1,"182",0,0
"7235",11,"182",0,0
"7245",21,"182",0,0
"7255",31,"182",0,0
"7265",41,"182",0,0
"7275",51,"182",0,0
"7285",61,"182",0,0
"7295",71,"182",0,0
"7305",81,"182",0,0
"7315",91,"182",0,0
"7325",101,"182",0,0
"7335",111,"182",0,0
"7345",121,"182",0,0
"7355",131,"182",0,0
"7365",141,"182",0,0
"7375",151,"182",0,0
"7385",161,"182",0,0
"7395",171,"182",0,0
"7405",181,"182",0,0
"7415",191,"182",0,0
"7425",201,"182",0,0
"7435",211,"182",0,0
"7445",221,"182",0,0
"7455",231,"182",0,0
"7465",241,"182",0,0
"7475",251,"182",0,0
"7485",261,"182",0,0
"7495",271,"182",0,0
"7505",281,"182",0,0
"7515",291,"182",0,0
"7524",300,"182",0,0
"7526",1,"20",0,0
"7536",11,"20",0,0
"7546",21,"20",0,0
"7556",31,"20",0,0
"7566",41,"20",0,0
"7576",51,"20",0,0
"7586",61,"20",0,0
"7596",71,"20",0,0
"7606",81,"20",0,0
"7616",91,"20",0,0
"7626",101,"20",0,0
"7636",111,"20",0,0
"7646",121,"20",0,0
"7656",131,"20",0,0
"7666",141,"20",0,0
"7676",151,"20",0,0
"7686",161,"20",0,0
"7696",171,"20",0,0
"7706",181,"20",0,0
"7716",191,"20",0,0
"7726",201,"20",0,0
"7736",211,"20",0,0
"7746",221,"20",0,0
"7756",231,"20",0,0
"7766",241,"20",0,0
"7776",251,"20",0,0
"7786",261,"20",0,0
"7796",271,"20",0,0
"7806",281,"20",0,0
"7816",291,"20",0,0
"7825",300,"20",0,0
"7827",1,"200",0,0
"7837",11,"200",0,0
"7847",21,"200",0,0
"7857",31,"200",0,0
"7867",41,"200",1,0.000555247084952804
"7877",51,"200",0,0
"7887",61,"200",3,0.00170357751277683
"7897",71,"200",0,0
"7907",81,"200",4,0.00212765957446809
"7917",91,"200",2,0.00112612612612613
"7927",101,"200",7,0.00369198312236287
"7937",111,"200",14,0.00817757009345794
"7947",121,"200",2,0.00107991360691145
"7957",131,"200",14,0.00772626931567329
"7967",141,"200",24,0.0135746606334842
"7977",151,"200",25,0.0137969094922737
"7987",161,"200",17,0.00959367945823928
"7997",171,"200",35,0.0195421552205472
"8007",181,"200",44,0.0255516840882695
"8017",191,"200",29,0.0157694399129962
"8027",201,"200",5,0.00278551532033426
"8037",211,"200",18,0.00985761226725082
"8047",221,"200",33,0.018042646254784
"8057",231,"200",18,0.0109024833434282
"8067",241,"200",22,0.0117021276595745
"8077",251,"200",37,0.0212034383954155
"8087",261,"200",46,0.0242872228088701
"8097",271,"200",35,0.0182481751824818
"8107",281,"200",40,0.0220628792057363
"8117",291,"200",67,0.037037037037037
"8126",300,"200",91,0.0483785220627326
"8128",1,"206",0,0
"8138",11,"206",0,0
"8148",21,"206",0,0
"8158",31,"206",0,0
"8168",41,"206",0,0
"8178",51,"206",0,0
"8188",61,"206",0,0
"8198",71,"206",0,0
"8208",81,"206",0,0
"8218",91,"206",0,0
"8228",101,"206",0,0
"8238",111,"206",0,0
"8248",121,"206",0,0
"8258",131,"206",0,0
"8268",141,"206",0,0
"8278",151,"206",0,0
"8288",161,"206",0,0
"8298",171,"206",0,0
"8308",181,"206",0,0
"8318",191,"206",0,0
"8328",201,"206",0,0
"8338",211,"206",0,0
"8348",221,"206",0,0
"8358",231,"206",0,0
"8368",241,"206",0,0
"8378",251,"206",0,0
"8388",261,"206",0,0
"8398",271,"206",0,0
"8408",281,"206",0,0
"8418",291,"206",0,0
"8427",300,"206",0,0
"8429",1,"21",0,0
"8439",11,"21",0,0
"8449",21,"21",0,0
"8459",31,"21",0,0
"8469",41,"21",0,0
"8479",51,"21",0,0
"8489",61,"21",0,0
"8499",71,"21",0,0
"8509",81,"21",0,0
"8519",91,"21",0,0
"8529",101,"21",0,0
"8539",111,"21",0,0
"8549",121,"21",0,0
"8559",131,"21",0,0
"8569",141,"21",0,0
"8579",151,"21",0,0
"8589",161,"21",0,0
"8599",171,"21",0,0
"8609",181,"21",0,0
"8619",191,"21",0,0
"8629",201,"21",0,0
"8639",211,"21",0,0
"8649",221,"21",0,0
"8659",231,"21",0,0
"8669",241,"21",0,0
"8679",251,"21",0,0
"8689",261,"21",0,0
"8699",271,"21",0,0
"8709",281,"21",0,0
"8719",291,"21",0,0
"8728",300,"21",0,0
"8730",1,"216",0,0
"8740",11,"216",0,0
"8750",21,"216",0,0
"8760",31,"216",1,0.000546448087431694
"8770",41,"216",0,0
"8780",51,"216",0,0
"8790",61,"216",0,0
"8800",71,"216",0,0
"8810",81,"216",0,0
"8820",91,"216",0,0
"8830",101,"216",0,0
"8840",111,"216",0,0
"8850",121,"216",0,0
"8860",131,"216",0,0
"8870",141,"216",0,0
"8880",151,"216",0,0
"8890",161,"216",0,0
"8900",171,"216",0,0
"8910",181,"216",0,0
"8920",191,"216",0,0
"8930",201,"216",0,0
"8940",211,"216",0,0
"8950",221,"216",0,0
"8960",231,"216",0,0
"8970",241,"216",0,0
"8980",251,"216",0,0
"8990",261,"216",0,0
"9000",271,"216",0,0
"9010",281,"216",0,0
"9020",291,"216",0,0
"9029",300,"216",0,0
"9031",1,"23",0,0
"9041",11,"23",0,0
"9051",21,"23",0,0
"9061",31,"23",0,0
"9071",41,"23",0,0
"9081",51,"23",15,0.00806885422270038
"9091",61,"23",7,0.00397501419647927
"9101",71,"23",10,0.00592417061611374
"9111",81,"23",0,0
"9121",91,"23",0,0
"9131",101,"23",0,0
"9141",111,"23",0,0
"9151",121,"23",0,0
"9161",131,"23",0,0
"9171",141,"23",0,0
"9181",151,"23",0,0
"9191",161,"23",0,0
"9201",171,"23",0,0
"9211",181,"23",0,0
"9221",191,"23",0,0
"9231",201,"23",0,0
"9241",211,"23",0,0
"9251",221,"23",0,0
"9261",231,"23",0,0
"9271",241,"23",0,0
"9281",251,"23",0,0
"9291",261,"23",0,0
"9301",271,"23",0,0
"9311",281,"23",0,0
"9321",291,"23",0,0
"9330",300,"23",0,0
"9332",1,"243",0,0
"9342",11,"243",0,0
"9352",21,"243",0,0
"9362",31,"243",0,0
"9372",41,"243",0,0
"9382",51,"243",0,0
"9392",61,"243",0,0
"9402",71,"243",0,0
"9412",81,"243",0,0
"9422",91,"243",0,0
"9432",101,"243",0,0
"9442",111,"243",0,0
"9452",121,"243",0,0
"9462",131,"243",0,0
"9472",141,"243",0,0
"9482",151,"243",0,0
"9492",161,"243",0,0
"9502",171,"243",0,0
"9512",181,"243",0,0
"9522",191,"243",0,0
"9532",201,"243",0,0
"9542",211,"243",0,0
"9552",221,"243",0,0
"9562",231,"243",0,0
"9572",241,"243",0,0
"9582",251,"243",0,0
"9592",261,"243",0,0
"9602",271,"243",0,0
"9612",281,"243",0,0
"9622",291,"243",0,0
"9631",300,"243",0,0
"9633",1,"245",0,0
"9643",11,"245",0,0
"9653",21,"245",0,0
"9663",31,"245",0,0
"9673",41,"245",3,0.00166574125485841
"9683",51,"245",0,0
"9693",61,"245",11,0.00624645088018171
"9703",71,"245",3,0.00177725118483412
"9713",81,"245",5,0.00265957446808511
"9723",91,"245",0,0
"9733",101,"245",2,0.00105485232067511
"9743",111,"245",6,0.00350467289719626
"9753",121,"245",34,0.0183585313174946
"9763",131,"245",17,0.00938189845474614
"9773",141,"245",14,0.00791855203619909
"9783",151,"245",5,0.00275938189845475
"9793",161,"245",0,0
"9803",171,"245",3,0.0016750418760469
"9813",181,"245",13,0.00754936120789779
"9823",191,"245",0,0
"9833",201,"245",0,0
"9843",211,"245",0,0
"9853",221,"245",0,0
"9863",231,"245",0,0
"9873",241,"245",0,0
"9883",251,"245",0,0
"9893",261,"245",0,0
"9903",271,"245",0,0
"9913",281,"245",0,0
"9923",291,"245",0,0
"9932",300,"245",0,0
"9934",1,"25",0,0
"9944",11,"25",0,0
"9954",21,"25",0,0
"9964",31,"25",4,0.00218579234972678
"9974",41,"25",2,0.00111049416990561
"9984",51,"25",3,0.00161377084454008
"9994",61,"25",0,0
"10004",71,"25",0,0
"10014",81,"25",2,0.00106382978723404
"10024",91,"25",0,0
"10034",101,"25",0,0
"10044",111,"25",0,0
"10054",121,"25",0,0
"10064",131,"25",0,0
"10074",141,"25",0,0
"10084",151,"25",0,0
"10094",161,"25",0,0
"10104",171,"25",0,0
"10114",181,"25",0,0
"10124",191,"25",0,0
"10134",201,"25",0,0
"10144",211,"25",0,0
"10154",221,"25",0,0
"10164",231,"25",0,0
"10174",241,"25",0,0
"10184",251,"25",0,0
"10194",261,"25",0,0
"10204",271,"25",0,0
"10214",281,"25",0,0
"10224",291,"25",0,0
"10233",300,"25",0,0
"10235",1,"252",0,0
"10245",11,"252",0,0
"10255",21,"252",0,0
"10265",31,"252",0,0
"10275",41,"252",1,0.000555247084952804
"10285",51,"252",0,0
"10295",61,"252",0,0
"10305",71,"252",0,0
"10315",81,"252",0,0
"10325",91,"252",0,0
"10335",101,"252",0,0
"10345",111,"252",0,0
"10355",121,"252",0,0
"10365",131,"252",0,0
"10375",141,"252",0,0
"10385",151,"252",0,0
"10395",161,"252",0,0
"10405",171,"252",0,0
"10415",181,"252",0,0
"10425",191,"252",0,0
"10435",201,"252",0,0
"10445",211,"252",0,0
"10455",221,"252",0,0
"10465",231,"252",0,0
"10475",241,"252",0,0
"10485",251,"252",0,0
"10495",261,"252",0,0
"10505",271,"252",0,0
"10515",281,"252",0,0
"10525",291,"252",0,0
"10534",300,"252",0,0
"10536",1,"2520",0,0
"10546",11,"2520",0,0
"10556",21,"2520",0,0
"10566",31,"2520",0,0
"10576",41,"2520",0,0
"10586",51,"2520",0,0
"10596",61,"2520",0,0
"10606",71,"2520",0,0
"10616",81,"2520",0,0
"10626",91,"2520",0,0
"10636",101,"2520",0,0
"10646",111,"2520",0,0
"10656",121,"2520",0,0
"10666",131,"2520",0,0
"10676",141,"2520",0,0
"10686",151,"2520",0,0
"10696",161,"2520",0,0
"10706",171,"2520",0,0
"10716",181,"2520",0,0
"10726",191,"2520",0,0
"10736",201,"2520",0,0
"10746",211,"2520",0,0
"10756",221,"2520",0,0
"10766",231,"2520",0,0
"10776",241,"2520",0,0
"10786",251,"2520",0,0
"10796",261,"2520",0,0
"10806",271,"2520",0,0
"10816",281,"2520",0,0
"10826",291,"2520",0,0
"10835",300,"2520",0,0
"10837",1,"26",0,0
"10847",11,"26",0,0
"10857",21,"26",0,0
"10867",31,"26",5,0.00273224043715847
"10877",41,"26",3,0.00166574125485841
"10887",51,"26",12,0.0064550833781603
"10897",61,"26",12,0.00681431005110733
"10907",71,"26",23,0.0136255924170616
"10917",81,"26",17,0.00904255319148936
"10927",91,"26",28,0.0157657657657658
"10937",101,"26",23,0.0121308016877637
"10947",111,"26",59,0.0344626168224299
"10957",121,"26",58,0.031317494600432
"10967",131,"26",52,0.0286975717439294
"10977",141,"26",81,0.045814479638009
"10987",151,"26",68,0.0375275938189845
"10997",161,"26",45,0.0253950338600451
"11007",171,"26",60,0.033500837520938
"11017",181,"26",72,0.0418118466898955
"11027",191,"26",50,0.0271886895051659
"11037",201,"26",51,0.0284122562674095
"11047",211,"26",39,0.0213581599123768
"11057",221,"26",32,0.0174958993985785
"11067",231,"26",33,0.0199878861296184
"11077",241,"26",22,0.0117021276595745
"11087",251,"26",38,0.0217765042979943
"11097",261,"26",44,0.0232312565997888
"11107",271,"26",72,0.0375391032325339
"11117",281,"26",59,0.0325427468284611
"11127",291,"26",88,0.0486456605859591
"11136",300,"26",77,0.0409356725146199
"11138",1,"278",0,0
"11148",11,"278",0,0
"11158",21,"278",0,0
"11168",31,"278",0,0
"11178",41,"278",0,0
"11188",51,"278",0,0
"11198",61,"278",0,0
"11208",71,"278",0,0
"11218",81,"278",0,0
"11228",91,"278",0,0
"11238",101,"278",0,0
"11248",111,"278",0,0
"11258",121,"278",0,0
"11268",131,"278",0,0
"11278",141,"278",0,0
"11288",151,"278",0,0
"11298",161,"278",0,0
"11308",171,"278",0,0
"11318",181,"278",0,0
"11328",191,"278",0,0
"11338",201,"278",0,0
"11348",211,"278",0,0
"11358",221,"278",0,0
"11368",231,"278",0,0
"11378",241,"278",0,0
"11388",251,"278",0,0
"11398",261,"278",0,0
"11408",271,"278",0,0
"11418",281,"278",0,0
"11428",291,"278",0,0
"11437",300,"278",0,0
"11439",1,"28",0,0
"11449",11,"28",0,0
"11459",21,"28",0,0
"11469",31,"28",0,0
"11479",41,"28",0,0
"11489",51,"28",0,0
"11499",61,"28",0,0
"11509",71,"28",0,0
"11519",81,"28",0,0
"11529",91,"28",0,0
"11539",101,"28",0,0
"11549",111,"28",0,0
"11559",121,"28",0,0
"11569",131,"28",0,0
"11579",141,"28",0,0
"11589",151,"28",0,0
"11599",161,"28",0,0
"11609",171,"28",0,0
"11619",181,"28",0,0
"11629",191,"28",0,0
"11639",201,"28",0,0
"11649",211,"28",0,0
"11659",221,"28",0,0
"11669",231,"28",0,0
"11679",241,"28",0,0
"11689",251,"28",0,0
"11699",261,"28",0,0
"11709",271,"28",0,0
"11719",281,"28",0,0
"11729",291,"28",0,0
"11738",300,"28",0,0
"11740",1,"288",0,0
"11750",11,"288",0,0
"11760",21,"288",0,0
"11770",31,"288",0,0
"11780",41,"288",0,0
"11790",51,"288",0,0
"11800",61,"288",0,0
"11810",71,"288",0,0
"11820",81,"288",0,0
"11830",91,"288",0,0
"11840",101,"288",0,0
"11850",111,"288",0,0
"11860",121,"288",0,0
"11870",131,"288",0,0
"11880",141,"288",0,0
"11890",151,"288",0,0
"11900",161,"288",0,0
"11910",171,"288",0,0
"11920",181,"288",0,0
"11930",191,"288",0,0
"11940",201,"288",0,0
"11950",211,"288",0,0
"11960",221,"288",0,0
"11970",231,"288",0,0
"11980",241,"288",0,0
"11990",251,"288",0,0
"12000",261,"288",0,0
"12010",271,"288",0,0
"12020",281,"288",0,0
"12030",291,"288",0,0
"12039",300,"288",0,0
"12041",1,"29",0,0
"12051",11,"29",0,0
"12061",21,"29",0,0
"12071",31,"29",0,0
"12081",41,"29",0,0
"12091",51,"29",0,0
"12101",61,"29",7,0.00397501419647927
"12111",71,"29",0,0
"12121",81,"29",0,0
"12131",91,"29",0,0
"12141",101,"29",0,0
"12151",111,"29",0,0
"12161",121,"29",0,0
"12171",131,"29",0,0
"12181",141,"29",0,0
"12191",151,"29",0,0
"12201",161,"29",0,0
"12211",171,"29",0,0
"12221",181,"29",0,0
"12231",191,"29",0,0
"12241",201,"29",0,0
"12251",211,"29",0,0
"12261",221,"29",0,0
"12271",231,"29",0,0
"12281",241,"29",0,0
"12291",251,"29",0,0
"12301",261,"29",0,0
"12311",271,"29",0,0
"12321",281,"29",0,0
"12331",291,"29",0,0
"12340",300,"29",0,0
"12342",1,"295",0,0
"12352",11,"295",0,0
"12362",21,"295",0,0
"12372",31,"295",0,0
"12382",41,"295",0,0
"12392",51,"295",0,0
"12402",61,"295",0,0
"12412",71,"295",0,0
"12422",81,"295",0,0
"12432",91,"295",0,0
"12442",101,"295",0,0
"12452",111,"295",0,0
"12462",121,"295",0,0
"12472",131,"295",0,0
"12482",141,"295",0,0
"12492",151,"295",0,0
"12502",161,"295",0,0
"12512",171,"295",0,0
"12522",181,"295",0,0
"12532",191,"295",0,0
"12542",201,"295",0,0
"12552",211,"295",0,0
"12562",221,"295",0,0
"12572",231,"295",0,0
"12582",241,"295",0,0
"12592",251,"295",0,0
"12602",261,"295",0,0
"12612",271,"295",0,0
"12622",281,"295",0,0
"12632",291,"295",0,0
"12641",300,"295",0,0
"12643",1,"297",0,0
"12653",11,"297",0,0
"12663",21,"297",0,0
"12673",31,"297",0,0
"12683",41,"297",1,0.000555247084952804
"12693",51,"297",0,0
"12703",61,"297",1,0.00056785917092561
"12713",71,"297",0,0
"12723",81,"297",0,0
"12733",91,"297",0,0
"12743",101,"297",0,0
"12753",111,"297",0,0
"12763",121,"297",0,0
"12773",131,"297",0,0
"12783",141,"297",0,0
"12793",151,"297",0,0
"12803",161,"297",0,0
"12813",171,"297",0,0
"12823",181,"297",0,0
"12833",191,"297",0,0
"12843",201,"297",0,0
"12853",211,"297",0,0
"12863",221,"297",0,0
"12873",231,"297",0,0
"12883",241,"297",0,0
"12893",251,"297",0,0
"12903",261,"297",0,0
"12913",271,"297",0,0
"12923",281,"297",0,0
"12933",291,"297",0,0
"12942",300,"297",0,0
"12944",1,"300",0,0
"12954",11,"300",0,0
"12964",21,"300",0,0
"12974",31,"300",1,0.000546448087431694
"12984",41,"300",0,0
"12994",51,"300",8,0.00430338891877353
"13004",61,"300",16,0.00908574673480977
"13014",71,"300",34,0.0201421800947867
"13024",81,"300",25,0.0132978723404255
"13034",91,"300",18,0.0101351351351351
"13044",101,"300",3,0.00158227848101266
"13054",111,"300",6,0.00350467289719626
"13064",121,"300",3,0.00161987041036717
"13074",131,"300",2,0.0011037527593819
"13084",141,"300",0,0
"13094",151,"300",0,0
"13104",161,"300",1,0.000564334085778781
"13114",171,"300",0,0
"13124",181,"300",0,0
"13134",191,"300",0,0
"13144",201,"300",0,0
"13154",211,"300",0,0
"13164",221,"300",0,0
"13174",231,"300",0,0
"13184",241,"300",0,0
"13194",251,"300",0,0
"13204",261,"300",0,0
"13214",271,"300",0,0
"13224",281,"300",0,0
"13234",291,"300",0,0
"13243",300,"300",0,0
"13245",1,"301",0,0
"13255",11,"301",0,0
"13265",21,"301",0,0
"13275",31,"301",0,0
"13285",41,"301",4,0.00222098833981122
"13295",51,"301",0,0
"13305",61,"301",0,0
"13315",71,"301",1,0.000592417061611374
"13325",81,"301",1,0.000531914893617021
"13335",91,"301",0,0
"13345",101,"301",0,0
"13355",111,"301",15,0.00876168224299065
"13365",121,"301",19,0.0102591792656587
"13375",131,"301",28,0.0154525386313466
"13385",141,"301",6,0.00339366515837104
"13395",151,"301",0,0
"13405",161,"301",0,0
"13415",171,"301",0,0
"13425",181,"301",0,0
"13435",191,"301",0,0
"13445",201,"301",0,0
"13455",211,"301",0,0
"13465",221,"301",0,0
"13475",231,"301",0,0
"13485",241,"301",0,0
"13495",251,"301",0,0
"13505",261,"301",0,0
"13515",271,"301",0,0
"13525",281,"301",0,0
"13535",291,"301",0,0
"13544",300,"301",0,0
"13546",1,"306",0,0
"13556",11,"306",0,0
"13566",21,"306",0,0
"13576",31,"306",1,0.000546448087431694
"13586",41,"306",13,0.00721821210438645
"13596",51,"306",7,0.00376546530392684
"13606",61,"306",10,0.0056785917092561
"13616",71,"306",23,0.0136255924170616
"13626",81,"306",7,0.00372340425531915
"13636",91,"306",7,0.00394144144144144
"13646",101,"306",5,0.00263713080168776
"13656",111,"306",0,0
"13666",121,"306",0,0
"13676",131,"306",0,0
"13686",141,"306",0,0
"13696",151,"306",0,0
"13706",161,"306",0,0
"13716",171,"306",0,0
"13726",181,"306",0,0
"13736",191,"306",0,0
"13746",201,"306",0,0
"13756",211,"306",0,0
"13766",221,"306",0,0
"13776",231,"306",0,0
"13786",241,"306",0,0
"13796",251,"306",0,0
"13806",261,"306",0,0
"13816",271,"306",0,0
"13826",281,"306",0,0
"13836",291,"306",0,0
"13845",300,"306",0,0
"13847",1,"31",0,0
"13857",11,"31",0,0
"13867",21,"31",0,0
"13877",31,"31",1,0.000546448087431694
"13887",41,"31",8,0.00444197667962243
"13897",51,"31",11,0.00591715976331361
"13907",61,"31",20,0.0113571834185122
"13917",71,"31",9,0.00533175355450237
"13927",81,"31",2,0.00106382978723404
"13937",91,"31",1,0.000563063063063063
"13947",101,"31",6,0.00316455696202532
"13957",111,"31",0,0
"13967",121,"31",4,0.00215982721382289
"13977",131,"31",1,0.000551876379690949
"13987",141,"31",0,0
"13997",151,"31",0,0
"14007",161,"31",0,0
"14017",171,"31",0,0
"14027",181,"31",0,0
"14037",191,"31",0,0
"14047",201,"31",0,0
"14057",211,"31",0,0
"14067",221,"31",0,0
"14077",231,"31",0,0
"14087",241,"31",0,0
"14097",251,"31",0,0
"14107",261,"31",0,0
"14117",271,"31",0,0
"14127",281,"31",0,0
"14137",291,"31",0,0
"14146",300,"31",0,0
"14148",1,"3101",0,0
"14158",11,"3101",0,0
"14168",21,"3101",0,0
"14178",31,"3101",0,0
"14188",41,"3101",0,0
"14198",51,"3101",0,0
"14208",61,"3101",0,0
"14218",71,"3101",0,0
"14228",81,"3101",0,0
"14238",91,"3101",0,0
"14248",101,"3101",0,0
"14258",111,"3101",0,0
"14268",121,"3101",0,0
"14278",131,"3101",0,0
"14288",141,"3101",0,0
"14298",151,"3101",0,0
"14308",161,"3101",0,0
"14318",171,"3101",0,0
"14328",181,"3101",0,0
"14338",191,"3101",0,0
"14348",201,"3101",0,0
"14358",211,"3101",0,0
"14368",221,"3101",0,0
"14378",231,"3101",0,0
"14388",241,"3101",0,0
"14398",251,"3101",0,0
"14408",261,"3101",0,0
"14418",271,"3101",0,0
"14428",281,"3101",0,0
"14438",291,"3101",0,0
"14447",300,"3101",0,0
"14449",1,"32",0,0
"14459",11,"32",0,0
"14469",21,"32",0,0
"14479",31,"32",0,0
"14489",41,"32",0,0
"14499",51,"32",0,0
"14509",61,"32",0,0
"14519",71,"32",0,0
"14529",81,"32",0,0
"14539",91,"32",0,0
"14549",101,"32",0,0
"14559",111,"32",0,0
"14569",121,"32",0,0
"14579",131,"32",0,0
"14589",141,"32",0,0
"14599",151,"32",0,0
"14609",161,"32",0,0
"14619",171,"32",0,0
"14629",181,"32",0,0
"14639",191,"32",0,0
"14649",201,"32",0,0
"14659",211,"32",0,0
"14669",221,"32",0,0
"14679",231,"32",0,0
"14689",241,"32",0,0
"14699",251,"32",0,0
"14709",261,"32",0,0
"14719",271,"32",0,0
"14729",281,"32",0,0
"14739",291,"32",0,0
"14748",300,"32",0,0
"14750",1,"327",0,0
"14760",11,"327",0,0
"14770",21,"327",0,0
"14780",31,"327",0,0
"14790",41,"327",0,0
"14800",51,"327",0,0
"14810",61,"327",0,0
"14820",71,"327",0,0
"14830",81,"327",0,0
"14840",91,"327",0,0
"14850",101,"327",0,0
"14860",111,"327",0,0
"14870",121,"327",0,0
"14880",131,"327",0,0
"14890",141,"327",0,0
"14900",151,"327",0,0
"14910",161,"327",0,0
"14920",171,"327",0,0
"14930",181,"327",0,0
"14940",191,"327",0,0
"14950",201,"327",0,0
"14960",211,"327",0,0
"14970",221,"327",0,0
"14980",231,"327",0,0
"14990",241,"327",0,0
"15000",251,"327",0,0
"15010",261,"327",0,0
"15020",271,"327",0,0
"15030",281,"327",0,0
"15040",291,"327",0,0
"15049",300,"327",0,0
"15051",1,"33",0,0
"15061",11,"33",0,0
"15071",21,"33",0,0
"15081",31,"33",0,0
"15091",41,"33",0,0
"15101",51,"33",0,0
"15111",61,"33",0,0
"15121",71,"33",0,0
"15131",81,"33",0,0
"15141",91,"33",0,0
"15151",101,"33",0,0
"15161",111,"33",0,0
"15171",121,"33",0,0
"15181",131,"33",0,0
"15191",141,"33",0,0
"15201",151,"33",0,0
"15211",161,"33",0,0
"15221",171,"33",0,0
"15231",181,"33",0,0
"15241",191,"33",0,0
"15251",201,"33",0,0
"15261",211,"33",0,0
"15271",221,"33",0,0
"15281",231,"33",0,0
"15291",241,"33",0,0
"15301",251,"33",0,0
"15311",261,"33",0,0
"15321",271,"33",0,0
"15331",281,"33",0,0
"15341",291,"33",0,0
"15350",300,"33",0,0
"15352",1,"335",0,0
"15362",11,"335",0,0
"15372",21,"335",0,0
"15382",31,"335",1,0.000546448087431694
"15392",41,"335",9,0.00499722376457524
"15402",51,"335",6,0.00322754168908015
"15412",61,"335",4,0.00227143668370244
"15422",71,"335",8,0.004739336492891
"15432",81,"335",20,0.0106382978723404
"15442",91,"335",13,0.00731981981981982
"15452",101,"335",13,0.00685654008438819
"15462",111,"335",6,0.00350467289719626
"15472",121,"335",5,0.00269978401727862
"15482",131,"335",20,0.011037527593819
"15492",141,"335",6,0.00339366515837104
"15502",151,"335",5,0.00275938189845475
"15512",161,"335",2,0.00112866817155756
"15522",171,"335",0,0
"15532",181,"335",0,0
"15542",191,"335",0,0
"15552",201,"335",0,0
"15562",211,"335",0,0
"15572",221,"335",0,0
"15582",231,"335",0,0
"15592",241,"335",0,0
"15602",251,"335",0,0
"15612",261,"335",0,0
"15622",271,"335",0,0
"15632",281,"335",0,0
"15642",291,"335",0,0
"15651",300,"335",0,0
"15653",1,"34",0,0
"15663",11,"34",0,0
"15673",21,"34",0,0
"15683",31,"34",0,0
"15693",41,"34",0,0
"15703",51,"34",0,0
"15713",61,"34",0,0
"15723",71,"34",0,0
"15733",81,"34",0,0
"15743",91,"34",0,0
"15753",101,"34",0,0
"15763",111,"34",0,0
"15773",121,"34",0,0
"15783",131,"34",0,0
"15793",141,"34",0,0
"15803",151,"34",0,0
"15813",161,"34",0,0
"15823",171,"34",0,0
"15833",181,"34",0,0
"15843",191,"34",0,0
"15853",201,"34",0,0
"15863",211,"34",0,0
"15873",221,"34",0,0
"15883",231,"34",0,0
"15893",241,"34",0,0
"15903",251,"34",0,0
"15913",261,"34",0,0
"15923",271,"34",0,0
"15933",281,"34",0,0
"15943",291,"34",0,0
"15952",300,"34",0,0
"15954",1,"342",0,0
"15964",11,"342",0,0
"15974",21,"342",0,0
"15984",31,"342",0,0
"15994",41,"342",4,0.00222098833981122
"16004",51,"342",2,0.00107584722969338
"16014",61,"342",10,0.0056785917092561
"16024",71,"342",6,0.00355450236966825
"16034",81,"342",4,0.00212765957446809
"16044",91,"342",0,0
"16054",101,"342",0,0
"16064",111,"342",0,0
"16074",121,"342",0,0
"16084",131,"342",0,0
"16094",141,"342",0,0
"16104",151,"342",0,0
"16114",161,"342",0,0
"16124",171,"342",0,0
"16134",181,"342",0,0
"16144",191,"342",0,0
"16154",201,"342",0,0
"16164",211,"342",0,0
"16174",221,"342",0,0
"16184",231,"342",0,0
"16194",241,"342",0,0
"16204",251,"342",0,0
"16214",261,"342",0,0
"16224",271,"342",0,0
"16234",281,"342",0,0
"16244",291,"342",0,0
"16253",300,"342",0,0
"16255",1,"372",0,0
"16265",11,"372",0,0
"16275",21,"372",0,0
"16285",31,"372",0,0
"16295",41,"372",0,0
"16305",51,"372",0,0
"16315",61,"372",0,0
"16325",71,"372",0,0
"16335",81,"372",0,0
"16345",91,"372",0,0
"16355",101,"372",0,0
"16365",111,"372",0,0
"16375",121,"372",0,0
"16385",131,"372",0,0
"16395",141,"372",0,0
"16405",151,"372",0,0
"16415",161,"372",0,0
"16425",171,"372",0,0
"16435",181,"372",0,0
"16445",191,"372",0,0
"16455",201,"372",0,0
"16465",211,"372",0,0
"16475",221,"372",0,0
"16485",231,"372",0,0
"16495",241,"372",0,0
"16505",251,"372",0,0
"16515",261,"372",0,0
"16525",271,"372",0,0
"16535",281,"372",0,0
"16545",291,"372",0,0
"16554",300,"372",0,0
"16556",1,"38",0,0
"16566",11,"38",0,0
"16576",21,"38",0,0
"16586",31,"38",0,0
"16596",41,"38",1,0.000555247084952804
"16606",51,"38",7,0.00376546530392684
"16616",61,"38",33,0.0187393526405451
"16626",71,"38",36,0.0213270142180095
"16636",81,"38",39,0.0207446808510638
"16646",91,"38",37,0.0208333333333333
"16656",101,"38",65,0.0342827004219409
"16666",111,"38",52,0.0303738317757009
"16676",121,"38",72,0.0388768898488121
"16686",131,"38",61,0.0336644591611479
"16696",141,"38",28,0.0158371040723982
"16706",151,"38",16,0.00883002207505519
"16716",161,"38",16,0.0090293453724605
"16726",171,"38",27,0.0150753768844221
"16736",181,"38",20,0.0116144018583043
"16746",191,"38",26,0.0141381185426862
"16756",201,"38",37,0.0206128133704735
"16766",211,"38",25,0.0136911281489595
"16776",221,"38",23,0.0125751776927283
"16786",231,"38",28,0.0169594185342217
"16796",241,"38",21,0.0111702127659574
"16806",251,"38",10,0.00573065902578797
"16816",261,"38",14,0.00739176346356917
"16826",271,"38",17,0.00886339937434828
"16836",281,"38",33,0.0182018753447325
"16846",291,"38",41,0.0226644555002764
"16855",300,"38",32,0.0170122275385433
"16857",1,"381",0,0
"16867",11,"381",0,0
"16877",21,"381",0,0
"16887",31,"381",0,0
"16897",41,"381",0,0
"16907",51,"381",2,0.00107584722969338
"16917",61,"381",9,0.00511073253833049
"16927",71,"381",17,0.0100710900473934
"16937",81,"381",32,0.0170212765957447
"16947",91,"381",25,0.0140765765765766
"16957",101,"381",17,0.0089662447257384
"16967",111,"381",54,0.0315420560747664
"16977",121,"381",27,0.0145788336933045
"16987",131,"381",28,0.0154525386313466
"16997",141,"381",25,0.0141402714932127
"17007",151,"381",43,0.0237306843267108
"17017",161,"381",48,0.0270880361173815
"17027",171,"381",38,0.0212171970965941
"17037",181,"381",15,0.00871080139372822
"17047",191,"381",4,0.00217509516041327
"17057",201,"381",11,0.00612813370473538
"17067",211,"381",13,0.00711938663745893
"17077",221,"381",18,0.00984144341170038
"17087",231,"381",14,0.00847970926711084
"17097",241,"381",32,0.0170212765957447
"17107",251,"381",29,0.0166189111747851
"17117",261,"381",45,0.0237592397043295
"17127",271,"381",37,0.0192909280500521
"17137",281,"381",37,0.0204081632653061
"17147",291,"381",5,0.00276395798783858
"17156",300,"381",20,0.0106326422115896
"17158",1,"386",0,0
"17168",11,"386",0,0
"17178",21,"386",0,0
"17188",31,"386",0,0
"17198",41,"386",0,0
"17208",51,"386",2,0.00107584722969338
"17218",61,"386",0,0
"17228",71,"386",0,0
"17238",81,"386",0,0
"17248",91,"386",0,0
"17258",101,"386",0,0
"17268",111,"386",0,0
"17278",121,"386",0,0
"17288",131,"386",0,0
"17298",141,"386",0,0
"17308",151,"386",0,0
"17318",161,"386",0,0
"17328",171,"386",0,0
"17338",181,"386",0,0
"17348",191,"386",0,0
"17358",201,"386",0,0
"17368",211,"386",0,0
"17378",221,"386",0,0
"17388",231,"386",0,0
"17398",241,"386",0,0
"17408",251,"386",0,0
"17418",261,"386",0,0
"17428",271,"386",0,0
"17438",281,"386",0,0
"17448",291,"386",0,0
"17457",300,"386",0,0
"17459",1,"388",0,0
"17469",11,"388",0,0
"17479",21,"388",0,0
"17489",31,"388",1,0.000546448087431694
"17499",41,"388",1,0.000555247084952804
"17509",51,"388",4,0.00215169445938677
"17519",61,"388",1,0.00056785917092561
"17529",71,"388",3,0.00177725118483412
"17539",81,"388",0,0
"17549",91,"388",0,0
"17559",101,"388",0,0
"17569",111,"388",0,0
"17579",121,"388",0,0
"17589",131,"388",0,0
"17599",141,"388",0,0
"17609",151,"388",0,0
"17619",161,"388",0,0
"17629",171,"388",0,0
"17639",181,"388",0,0
"17649",191,"388",0,0
"17659",201,"388",0,0
"17669",211,"388",0,0
"17679",221,"388",0,0
"17689",231,"388",0,0
"17699",241,"388",0,0
"17709",251,"388",0,0
"17719",261,"388",0,0
"17729",271,"388",0,0
"17739",281,"388",0,0
"17749",291,"388",0,0
"17758",300,"388",0,0
"17760",1,"399",0,0
"17770",11,"399",0,0
"17780",21,"399",0,0
"17790",31,"399",0,0
"17800",41,"399",0,0
"17810",51,"399",0,0
"17820",61,"399",0,0
"17830",71,"399",0,0
"17840",81,"399",0,0
"17850",91,"399",0,0
"17860",101,"399",0,0
"17870",111,"399",0,0
"17880",121,"399",0,0
"17890",131,"399",0,0
"17900",141,"399",0,0
"17910",151,"399",0,0
"17920",161,"399",0,0
"17930",171,"399",0,0
"17940",181,"399",0,0
"17950",191,"399",0,0
"17960",201,"399",0,0
"17970",211,"399",0,0
"17980",221,"399",0,0
"17990",231,"399",0,0
"18000",241,"399",0,0
"18010",251,"399",0,0
"18020",261,"399",0,0
"18030",271,"399",0,0
"18040",281,"399",0,0
"18050",291,"399",0,0
"18059",300,"399",0,0
"18061",1,"4",0,0
"18071",11,"4",0,0
"18081",21,"4",0,0
"18091",31,"4",0,0
"18101",41,"4",0,0
"18111",51,"4",0,0
"18121",61,"4",0,0
"18131",71,"4",0,0
"18141",81,"4",0,0
"18151",91,"4",0,0
"18161",101,"4",0,0
"18171",111,"4",0,0
"18181",121,"4",0,0
"18191",131,"4",0,0
"18201",141,"4",0,0
"18211",151,"4",0,0
"18221",161,"4",0,0
"18231",171,"4",0,0
"18241",181,"4",0,0
"18251",191,"4",0,0
"18261",201,"4",0,0
"18271",211,"4",0,0
"18281",221,"4",0,0
"18291",231,"4",0,0
"18301",241,"4",0,0
"18311",251,"4",0,0
"18321",261,"4",0,0
"18331",271,"4",0,0
"18341",281,"4",0,0
"18351",291,"4",0,0
"18360",300,"4",0,0
"18362",1,"40",0,0
"18372",11,"40",0,0
"18382",21,"40",0,0
"18392",31,"40",0,0
"18402",41,"40",0,0
"18412",51,"40",0,0
"18422",61,"40",0,0
"18432",71,"40",0,0
"18442",81,"40",0,0
"18452",91,"40",0,0
"18462",101,"40",0,0
"18472",111,"40",0,0
"18482",121,"40",0,0
"18492",131,"40",0,0
"18502",141,"40",0,0
"18512",151,"40",0,0
"18522",161,"40",0,0
"18532",171,"40",0,0
"18542",181,"40",0,0
"18552",191,"40",0,0
"18562",201,"40",0,0
"18572",211,"40",0,0
"18582",221,"40",0,0
"18592",231,"40",0,0
"18602",241,"40",0,0
"18612",251,"40",0,0
"18622",261,"40",0,0
"18632",271,"40",0,0
"18642",281,"40",0,0
"18652",291,"40",0,0
"18661",300,"40",0,0
"18663",1,"401",0,0
"18673",11,"401",0,0
"18683",21,"401",0,0
"18693",31,"401",0,0
"18703",41,"401",0,0
"18713",51,"401",0,0
"18723",61,"401",0,0
"18733",71,"401",0,0
"18743",81,"401",0,0
"18753",91,"401",0,0
"18763",101,"401",0,0
"18773",111,"401",0,0
"18783",121,"401",0,0
"18793",131,"401",0,0
"18803",141,"401",0,0
"18813",151,"401",0,0
"18823",161,"401",0,0
"18833",171,"401",0,0
"18843",181,"401",0,0
"18853",191,"401",0,0
"18863",201,"401",0,0
"18873",211,"401",0,0
"18883",221,"401",0,0
"18893",231,"401",0,0
"18903",241,"401",0,0
"18913",251,"401",0,0
"18923",261,"401",0,0
"18933",271,"401",0,0
"18943",281,"401",0,0
"18953",291,"401",0,0
"18962",300,"401",0,0
"18964",1,"404",0,0
"18974",11,"404",0,0
"18984",21,"404",0,0
"18994",31,"404",0,0
"19004",41,"404",0,0
"19014",51,"404",0,0
"19024",61,"404",0,0
"19034",71,"404",0,0
"19044",81,"404",0,0
"19054",91,"404",0,0
"19064",101,"404",0,0
"19074",111,"404",0,0
"19084",121,"404",0,0
"19094",131,"404",0,0
"19104",141,"404",0,0
"19114",151,"404",0,0
"19124",161,"404",0,0
"19134",171,"404",0,0
"19144",181,"404",0,0
"19154",191,"404",0,0
"19164",201,"404",0,0
"19174",211,"404",0,0
"19184",221,"404",0,0
"19194",231,"404",0,0
"19204",241,"404",0,0
"19214",251,"404",0,0
"19224",261,"404",0,0
"19234",271,"404",0,0
"19244",281,"404",0,0
"19254",291,"404",0,0
"19263",300,"404",0,0
"19265",1,"405",0,0
"19275",11,"405",0,0
"19285",21,"405",0,0
"19295",31,"405",0,0
"19305",41,"405",0,0
"19315",51,"405",0,0
"19325",61,"405",0,0
"19335",71,"405",0,0
"19345",81,"405",0,0
"19355",91,"405",0,0
"19365",101,"405",0,0
"19375",111,"405",0,0
"19385",121,"405",0,0
"19395",131,"405",0,0
"19405",141,"405",0,0
"19415",151,"405",0,0
"19425",161,"405",0,0
"19435",171,"405",0,0
"19445",181,"405",0,0
"19455",191,"405",0,0
"19465",201,"405",0,0
"19475",211,"405",0,0
"19485",221,"405",0,0
"19495",231,"405",0,0
"19505",241,"405",0,0
"19515",251,"405",0,0
"19525",261,"405",0,0
"19535",271,"405",0,0
"19545",281,"405",0,0
"19555",291,"405",0,0
"19564",300,"405",0,0
"19566",1,"410",0,0
"19576",11,"410",0,0
"19586",21,"410",0,0
"19596",31,"410",0,0
"19606",41,"410",0,0
"19616",51,"410",0,0
"19626",61,"410",0,0
"19636",71,"410",0,0
"19646",81,"410",0,0
"19656",91,"410",0,0
"19666",101,"410",0,0
"19676",111,"410",0,0
"19686",121,"410",0,0
"19696",131,"410",0,0
"19706",141,"410",0,0
"19716",151,"410",0,0
"19726",161,"410",0,0
"19736",171,"410",0,0
"19746",181,"410",0,0
"19756",191,"410",0,0
"19766",201,"410",0,0
"19776",211,"410",0,0
"19786",221,"410",0,0
"19796",231,"410",0,0
"19806",241,"410",0,0
"19816",251,"410",0,0
"19826",261,"410",0,0
"19836",271,"410",0,0
"19846",281,"410",0,0
"19856",291,"410",0,0
"19865",300,"410",0,0
"19867",1,"44",0,0
"19877",11,"44",0,0
"19887",21,"44",0,0
"19897",31,"44",7,0.00382513661202186
"19907",41,"44",8,0.00444197667962243
"19917",51,"44",18,0.00968262506724045
"19927",61,"44",6,0.00340715502555366
"19937",71,"44",1,0.000592417061611374
"19947",81,"44",0,0
"19957",91,"44",5,0.00281531531531532
"19967",101,"44",17,0.0089662447257384
"19977",111,"44",38,0.022196261682243
"19987",121,"44",36,0.019438444924406
"19997",131,"44",15,0.00827814569536424
"20007",141,"44",10,0.00565610859728507
"20017",151,"44",9,0.00496688741721854
"20027",161,"44",21,0.0118510158013544
"20037",171,"44",3,0.0016750418760469
"20047",181,"44",0,0
"20057",191,"44",0,0
"20067",201,"44",0,0
"20077",211,"44",0,0
"20087",221,"44",0,0
"20097",231,"44",0,0
"20107",241,"44",0,0
"20117",251,"44",0,0
"20127",261,"44",0,0
"20137",271,"44",0,0
"20147",281,"44",0,0
"20157",291,"44",0,0
"20166",300,"44",0,0
"20168",1,"442",0,0
"20178",11,"442",0,0
"20188",21,"442",0,0
"20198",31,"442",0,0
"20208",41,"442",0,0
"20218",51,"442",0,0
"20228",61,"442",0,0
"20238",71,"442",0,0
"20248",81,"442",0,0
"20258",91,"442",0,0
"20268",101,"442",0,0
"20278",111,"442",0,0
"20288",121,"442",0,0
"20298",131,"442",0,0
"20308",141,"442",0,0
"20318",151,"442",0,0
"20328",161,"442",0,0
"20338",171,"442",0,0
"20348",181,"442",0,0
"20358",191,"442",0,0
"20368",201,"442",0,0
"20378",211,"442",0,0
"20388",221,"442",0,0
"20398",231,"442",0,0
"20408",241,"442",0,0
"20418",251,"442",0,0
"20428",261,"442",0,0
"20438",271,"442",0,0
"20448",281,"442",0,0
"20458",291,"442",0,0
"20467",300,"442",0,0
"20469",1,"46",0,0
"20479",11,"46",0,0
"20489",21,"46",0,0
"20499",31,"46",1,0.000546448087431694
"20509",41,"46",0,0
"20519",51,"46",0,0
"20529",61,"46",0,0
"20539",71,"46",0,0
"20549",81,"46",0,0
"20559",91,"46",0,0
"20569",101,"46",0,0
"20579",111,"46",0,0
"20589",121,"46",0,0
"20599",131,"46",0,0
"20609",141,"46",0,0
"20619",151,"46",0,0
"20629",161,"46",0,0
"20639",171,"46",0,0
"20649",181,"46",0,0
"20659",191,"46",0,0
"20669",201,"46",0,0
"20679",211,"46",0,0
"20689",221,"46",0,0
"20699",231,"46",0,0
"20709",241,"46",0,0
"20719",251,"46",0,0
"20729",261,"46",0,0
"20739",271,"46",0,0
"20749",281,"46",0,0
"20759",291,"46",0,0
"20768",300,"46",0,0
"20770",1,"4748",0,0
"20780",11,"4748",0,0
"20790",21,"4748",0,0
"20800",31,"4748",0,0
"20810",41,"4748",0,0
"20820",51,"4748",0,0
"20830",61,"4748",0,0
"20840",71,"4748",0,0
"20850",81,"4748",0,0
"20860",91,"4748",0,0
"20870",101,"4748",0,0
"20880",111,"4748",0,0
"20890",121,"4748",0,0
"20900",131,"4748",0,0
"20910",141,"4748",0,0
"20920",151,"4748",0,0
"20930",161,"4748",0,0
"20940",171,"4748",0,0
"20950",181,"4748",0,0
"20960",191,"4748",0,0
"20970",201,"4748",0,0
"20980",211,"4748",0,0
"20990",221,"4748",0,0
"21000",231,"4748",0,0
"21010",241,"4748",0,0
"21020",251,"4748",0,0
"21030",261,"4748",0,0
"21040",271,"4748",0,0
"21050",281,"4748",0,0
"21060",291,"4748",0,0
"21069",300,"4748",0,0
"21071",1,"48",0,0
"21081",11,"48",0,0
"21091",21,"48",0,0
"21101",31,"48",0,0
"21111",41,"48",0,0
"21121",51,"48",0,0
"21131",61,"48",0,0
"21141",71,"48",0,0
"21151",81,"48",0,0
"21161",91,"48",0,0
"21171",101,"48",0,0
"21181",111,"48",0,0
"21191",121,"48",0,0
"21201",131,"48",0,0
"21211",141,"48",0,0
"21221",151,"48",0,0
"21231",161,"48",0,0
"21241",171,"48",0,0
"21251",181,"48",0,0
"21261",191,"48",0,0
"21271",201,"48",0,0
"21281",211,"48",0,0
"21291",221,"48",0,0
"21301",231,"48",0,0
"21311",241,"48",0,0
"21321",251,"48",0,0
"21331",261,"48",0,0
"21341",271,"48",0,0
"21351",281,"48",0,0
"21361",291,"48",0,0
"21370",300,"48",0,0
"21372",1,"504",0,0
"21382",11,"504",0,0
"21392",21,"504",0,0
"21402",31,"504",1,0.000546448087431694
"21412",41,"504",3,0.00166574125485841
"21422",51,"504",0,0
"21432",61,"504",7,0.00397501419647927
"21442",71,"504",2,0.00118483412322275
"21452",81,"504",12,0.00638297872340425
"21462",91,"504",7,0.00394144144144144
"21472",101,"504",0,0
"21482",111,"504",0,0
"21492",121,"504",0,0
"21502",131,"504",0,0
"21512",141,"504",0,0
"21522",151,"504",0,0
"21532",161,"504",0,0
"21542",171,"504",0,0
"21552",181,"504",0,0
"21562",191,"504",0,0
"21572",201,"504",0,0
"21582",211,"504",0,0
"21592",221,"504",0,0
"21602",231,"504",0,0
"21612",241,"504",0,0
"21622",251,"504",0,0
"21632",261,"504",0,0
"21642",271,"504",0,0
"21652",281,"504",0,0
"21662",291,"504",0,0
"21671",300,"504",0,0
"21673",1,"517",0,0
"21683",11,"517",0,0
"21693",21,"517",0,0
"21703",31,"517",0,0
"21713",41,"517",0,0
"21723",51,"517",0,0
"21733",61,"517",0,0
"21743",71,"517",0,0
"21753",81,"517",0,0
"21763",91,"517",0,0
"21773",101,"517",0,0
"21783",111,"517",0,0
"21793",121,"517",0,0
"21803",131,"517",0,0
"21813",141,"517",0,0
"21823",151,"517",0,0
"21833",161,"517",0,0
"21843",171,"517",0,0
"21853",181,"517",0,0
"21863",191,"517",0,0
"21873",201,"517",0,0
"21883",211,"517",0,0
"21893",221,"517",0,0
"21903",231,"517",0,0
"21913",241,"517",0,0
"21923",251,"517",0,0
"21933",261,"517",0,0
"21943",271,"517",0,0
"21953",281,"517",0,0
"21963",291,"517",0,0
"21972",300,"517",0,0
"21974",1,"5292",0,0
"21984",11,"5292",0,0
"21994",21,"5292",0,0
"22004",31,"5292",4,0.00218579234972678
"22014",41,"5292",4,0.00222098833981122
"22024",51,"5292",19,0.0102205486820871
"22034",61,"5292",1,0.00056785917092561
"22044",71,"5292",0,0
"22054",81,"5292",3,0.00159574468085106
"22064",91,"5292",1,0.000563063063063063
"22074",101,"5292",7,0.00369198312236287
"22084",111,"5292",0,0
"22094",121,"5292",0,0
"22104",131,"5292",0,0
"22114",141,"5292",0,0
"22124",151,"5292",0,0
"22134",161,"5292",0,0
"22144",171,"5292",0,0
"22154",181,"5292",0,0
"22164",191,"5292",0,0
"22174",201,"5292",0,0
"22184",211,"5292",0,0
"22194",221,"5292",0,0
"22204",231,"5292",0,0
"22214",241,"5292",0,0
"22224",251,"5292",0,0
"22234",261,"5292",0,0
"22244",271,"5292",0,0
"22254",281,"5292",0,0
"22264",291,"5292",0,0
"22273",300,"5292",0,0
"22275",1,"5517",0,0
"22285",11,"5517",0,0
"22295",21,"5517",0,0
"22305",31,"5517",6,0.00327868852459016
"22315",41,"5517",8,0.00444197667962243
"22325",51,"5517",2,0.00107584722969338
"22335",61,"5517",2,0.00113571834185122
"22345",71,"5517",0,0
"22355",81,"5517",12,0.00638297872340425
"22365",91,"5517",7,0.00394144144144144
"22375",101,"5517",7,0.00369198312236287
"22385",111,"5517",0,0
"22395",121,"5517",4,0.00215982721382289
"22405",131,"5517",10,0.00551876379690949
"22415",141,"5517",7,0.00395927601809955
"22425",151,"5517",11,0.00607064017660044
"22435",161,"5517",33,0.0186230248306998
"22445",171,"5517",28,0.0156337241764377
"22455",181,"5517",6,0.00348432055749129
"22465",191,"5517",0,0
"22475",201,"5517",0,0
"22485",211,"5517",1,0.000547645125958379
"22495",221,"5517",0,0
"22505",231,"5517",2,0.00121138703815869
"22515",241,"5517",6,0.00319148936170213
"22525",251,"5517",18,0.0103151862464183
"22535",261,"5517",17,0.00897571277719113
"22545",271,"5517",25,0.0130344108446298
"22555",281,"5517",14,0.00772200772200772
"22565",291,"5517",23,0.0127142067440575
"22574",300,"5517",25,0.013290802764487
"22576",1,"57",0,0
"22586",11,"57",0,0
"22596",21,"57",0,0
"22606",31,"57",0,0
"22616",41,"57",0,0
"22626",51,"57",15,0.00806885422270038
"22636",61,"57",13,0.00738216922203294
"22646",71,"57",11,0.00651658767772512
"22656",81,"57",10,0.00531914893617021
"22666",91,"57",5,0.00281531531531532
"22676",101,"57",8,0.00421940928270042
"22686",111,"57",4,0.00233644859813084
"22696",121,"57",0,0
"22706",131,"57",0,0
"22716",141,"57",0,0
"22726",151,"57",0,0
"22736",161,"57",0,0
"22746",171,"57",0,0
"22756",181,"57",0,0
"22766",191,"57",0,0
"22776",201,"57",0,0
"22786",211,"57",0,0
"22796",221,"57",0,0
"22806",231,"57",0,0
"22816",241,"57",0,0
"22826",251,"57",0,0
"22836",261,"57",0,0
"22846",271,"57",0,0
"22856",281,"57",0,0
"22866",291,"57",0,0
"22875",300,"57",0,0
"22877",1,"58",0,0
"22887",11,"58",0,0
"22897",21,"58",0,0
"22907",31,"58",0,0
"22917",41,"58",0,0
"22927",51,"58",0,0
"22937",61,"58",0,0
"22947",71,"58",0,0
"22957",81,"58",0,0
"22967",91,"58",0,0
"22977",101,"58",0,0
"22987",111,"58",0,0
"22997",121,"58",0,0
"23007",131,"58",0,0
"23017",141,"58",0,0
"23027",151,"58",0,0
"23037",161,"58",0,0
"23047",171,"58",0,0
"23057",181,"58",0,0
"23067",191,"58",0,0
"23077",201,"58",0,0
"23087",211,"58",0,0
"23097",221,"58",0,0
"23107",231,"58",0,0
"23117",241,"58",0,0
"23127",251,"58",0,0
"23137",261,"58",0,0
"23147",271,"58",0,0
"23157",281,"58",0,0
"23167",291,"58",0,0
"23176",300,"58",0,0
"23178",1,"583",0,0
"23188",11,"583",0,0
"23198",21,"583",0,0
"23208",31,"583",1,0.000546448087431694
"23218",41,"583",3,0.00166574125485841
"23228",51,"583",13,0.00699300699300699
"23238",61,"583",17,0.00965360590573538
"23248",71,"583",19,0.0112559241706161
"23258",81,"583",13,0.00691489361702128
"23268",91,"583",57,0.0320945945945946
"23278",101,"583",26,0.0137130801687764
"23288",111,"583",14,0.00817757009345794
"23298",121,"583",9,0.00485961123110151
"23308",131,"583",4,0.0022075055187638
"23318",141,"583",7,0.00395927601809955
"23328",151,"583",12,0.00662251655629139
"23338",161,"583",8,0.00451467268623025
"23348",171,"583",18,0.0100502512562814
"23358",181,"583",41,0.0238095238095238
"23368",191,"583",20,0.0108754758020663
"23378",201,"583",31,0.0172701949860724
"23388",211,"583",59,0.0323110624315444
"23398",221,"583",68,0.0371787862219792
"23408",231,"583",25,0.0151423379769836
"23418",241,"583",10,0.00531914893617021
"23428",251,"583",12,0.00687679083094556
"23438",261,"583",36,0.0190073917634636
"23448",271,"583",24,0.0125130344108446
"23458",281,"583",31,0.0170987313844457
"23468",291,"583",19,0.0105030403537866
"23477",300,"583",11,0.00584795321637427
"23479",1,"59",0,0
"23489",11,"59",0,0
"23499",21,"59",0,0
"23509",31,"59",0,0
"23519",41,"59",0,0
"23529",51,"59",0,0
"23539",61,"59",0,0
"23549",71,"59",0,0
"23559",81,"59",0,0
"23569",91,"59",0,0
"23579",101,"59",0,0
"23589",111,"59",0,0
"23599",121,"59",0,0
"23609",131,"59",0,0
"23619",141,"59",0,0
"23629",151,"59",0,0
"23639",161,"59",0,0
"23649",171,"59",0,0
"23659",181,"59",0,0
"23669",191,"59",0,0
"23679",201,"59",0,0
"23689",211,"59",0,0
"23699",221,"59",0,0
"23709",231,"59",0,0
"23719",241,"59",0,0
"23729",251,"59",0,0
"23739",261,"59",0,0
"23749",271,"59",0,0
"23759",281,"59",0,0
"23769",291,"59",0,0
"23778",300,"59",0,0
"23780",1,"6",0,0
"23790",11,"6",0,0
"23800",21,"6",0,0
"23810",31,"6",0,0
"23820",41,"6",1,0.000555247084952804
"23830",51,"6",0,0
"23840",61,"6",0,0
"23850",71,"6",1,0.000592417061611374
"23860",81,"6",0,0
"23870",91,"6",2,0.00112612612612613
"23880",101,"6",18,0.00949367088607595
"23890",111,"6",6,0.00350467289719626
"23900",121,"6",25,0.0134989200863931
"23910",131,"6",16,0.00883002207505519
"23920",141,"6",12,0.00678733031674208
"23930",151,"6",6,0.0033112582781457
"23940",161,"6",3,0.00169300225733634
"23950",171,"6",12,0.0067001675041876
"23960",181,"6",5,0.00290360046457607
"23970",191,"6",8,0.00435019032082654
"23980",201,"6",3,0.00167130919220056
"23990",211,"6",2,0.00109529025191676
"24000",221,"6",2,0.00109349371241115
"24010",231,"6",6,0.00363416111447608
"24020",241,"6",1,0.000531914893617021
"24030",251,"6",0,0
"24040",261,"6",0,0
"24050",271,"6",2,0.00104275286757039
"24060",281,"6",3,0.00165471594043023
"24070",291,"6",3,0.00165837479270315
"24079",300,"6",1,0.000531632110579479
"24081",1,"602",0,0
"24091",11,"602",0,0
"24101",21,"602",0,0
"24111",31,"602",0,0
"24121",41,"602",0,0
"24131",51,"602",0,0
"24141",61,"602",0,0
"24151",71,"602",0,0
"24161",81,"602",0,0
"24171",91,"602",0,0
"24181",101,"602",0,0
"24191",111,"602",0,0
"24201",121,"602",0,0
"24211",131,"602",0,0
"24221",141,"602",0,0
"24231",151,"602",0,0
"24241",161,"602",0,0
"24251",171,"602",0,0
"24261",181,"602",0,0
"24271",191,"602",0,0
"24281",201,"602",0,0
"24291",211,"602",0,0
"24301",221,"602",0,0
"24311",231,"602",0,0
"24321",241,"602",0,0
"24331",251,"602",0,0
"24341",261,"602",0,0
"24351",271,"602",0,0
"24361",281,"602",0,0
"24371",291,"602",0,0
"24380",300,"602",0,0
"24382",1,"6130",0,0
"24392",11,"6130",0,0
"24402",21,"6130",0,0
"24412",31,"6130",0,0
"24422",41,"6130",0,0
"24432",51,"6130",0,0
"24442",61,"6130",0,0
"24452",71,"6130",0,0
"24462",81,"6130",0,0
"24472",91,"6130",0,0
"24482",101,"6130",0,0
"24492",111,"6130",0,0
"24502",121,"6130",0,0
"24512",131,"6130",0,0
"24522",141,"6130",0,0
"24532",151,"6130",0,0
"24542",161,"6130",0,0
"24552",171,"6130",0,0
"24562",181,"6130",0,0
"24572",191,"6130",0,0
"24582",201,"6130",0,0
"24592",211,"6130",0,0
"24602",221,"6130",0,0
"24612",231,"6130",0,0
"24622",241,"6130",0,0
"24632",251,"6130",0,0
"24642",261,"6130",0,0
"24652",271,"6130",0,0
"24662",281,"6130",0,0
"24672",291,"6130",0,0
"24681",300,"6130",0,0
"24683",1,"6274",0,0
"24693",11,"6274",0,0
"24703",21,"6274",0,0
"24713",31,"6274",0,0
"24723",41,"6274",2,0.00111049416990561
"24733",51,"6274",1,0.000537923614846692
"24743",61,"6274",1,0.00056785917092561
"24753",71,"6274",4,0.0023696682464455
"24763",81,"6274",0,0
"24773",91,"6274",0,0
"24783",101,"6274",0,0
"24793",111,"6274",0,0
"24803",121,"6274",0,0
"24813",131,"6274",0,0
"24823",141,"6274",0,0
"24833",151,"6274",0,0
"24843",161,"6274",0,0
"24853",171,"6274",0,0
"24863",181,"6274",0,0
"24873",191,"6274",0,0
"24883",201,"6274",0,0
"24893",211,"6274",0,0
"24903",221,"6274",0,0
"24913",231,"6274",0,0
"24923",241,"6274",0,0
"24933",251,"6274",0,0
"24943",261,"6274",0,0
"24953",271,"6274",0,0
"24963",281,"6274",0,0
"24973",291,"6274",0,0
"24982",300,"6274",0,0
"24984",1,"630",0,0
"24994",11,"630",0,0
"25004",21,"630",0,0
"25014",31,"630",0,0
"25024",41,"630",0,0
"25034",51,"630",0,0
"25044",61,"630",0,0
"25054",71,"630",0,0
"25064",81,"630",0,0
"25074",91,"630",0,0
"25084",101,"630",0,0
"25094",111,"630",0,0
"25104",121,"630",0,0
"25114",131,"630",0,0
"25124",141,"630",0,0
"25134",151,"630",0,0
"25144",161,"630",0,0
"25154",171,"630",0,0
"25164",181,"630",0,0
"25174",191,"630",0,0
"25184",201,"630",0,0
"25194",211,"630",0,0
"25204",221,"630",0,0
"25214",231,"630",0,0
"25224",241,"630",0,0
"25234",251,"630",0,0
"25244",261,"630",0,0
"25254",271,"630",0,0
"25264",281,"630",0,0
"25274",291,"630",0,0
"25283",300,"630",0,0
"25285",1,"635",0,0
"25295",11,"635",0,0
"25305",21,"635",0,0
"25315",31,"635",0,0
"25325",41,"635",0,0
"25335",51,"635",0,0
"25345",61,"635",0,0
"25355",71,"635",0,0
"25365",81,"635",0,0
"25375",91,"635",0,0
"25385",101,"635",0,0
"25395",111,"635",0,0
"25405",121,"635",0,0
"25415",131,"635",0,0
"25425",141,"635",0,0
"25435",151,"635",0,0
"25445",161,"635",0,0
"25455",171,"635",0,0
"25465",181,"635",0,0
"25475",191,"635",0,0
"25485",201,"635",0,0
"25495",211,"635",0,0
"25505",221,"635",0,0
"25515",231,"635",0,0
"25525",241,"635",0,0
"25535",251,"635",0,0
"25545",261,"635",0,0
"25555",271,"635",0,0
"25565",281,"635",0,0
"25575",291,"635",0,0
"25584",300,"635",0,0
"25586",1,"641",0,0
"25596",11,"641",0,0
"25606",21,"641",0,0
"25616",31,"641",0,0
"25626",41,"641",0,0
"25636",51,"641",0,0
"25646",61,"641",0,0
"25656",71,"641",0,0
"25666",81,"641",0,0
"25676",91,"641",0,0
"25686",101,"641",0,0
"25696",111,"641",0,0
"25706",121,"641",0,0
"25716",131,"641",0,0
"25726",141,"641",0,0
"25736",151,"641",0,0
"25746",161,"641",0,0
"25756",171,"641",0,0
"25766",181,"641",0,0
"25776",191,"641",0,0
"25786",201,"641",0,0
"25796",211,"641",0,0
"25806",221,"641",0,0
"25816",231,"641",0,0
"25826",241,"641",0,0
"25836",251,"641",0,0
"25846",261,"641",0,0
"25856",271,"641",0,0
"25866",281,"641",0,0
"25876",291,"641",0,0
"25885",300,"641",0,0
"25887",1,"648",0,0
"25897",11,"648",0,0
"25907",21,"648",0,0
"25917",31,"648",1,0.000546448087431694
"25927",41,"648",1,0.000555247084952804
"25937",51,"648",1,0.000537923614846692
"25947",61,"648",0,0
"25957",71,"648",0,0
"25967",81,"648",3,0.00159574468085106
"25977",91,"648",4,0.00225225225225225
"25987",101,"648",0,0
"25997",111,"648",0,0
"26007",121,"648",0,0
"26017",131,"648",0,0
"26027",141,"648",0,0
"26037",151,"648",0,0
"26047",161,"648",0,0
"26057",171,"648",0,0
"26067",181,"648",0,0
"26077",191,"648",0,0
"26087",201,"648",0,0
"26097",211,"648",0,0
"26107",221,"648",0,0
"26117",231,"648",0,0
"26127",241,"648",0,0
"26137",251,"648",0,0
"26147",261,"648",0,0
"26157",271,"648",0,0
"26167",281,"648",0,0
"26177",291,"648",0,0
"26186",300,"648",0,0
"26188",1,"655",0,0
"26198",11,"655",0,0
"26208",21,"655",0,0
"26218",31,"655",0,0
"26228",41,"655",0,0
"26238",51,"655",0,0
"26248",61,"655",0,0
"26258",71,"655",0,0
"26268",81,"655",0,0
"26278",91,"655",0,0
"26288",101,"655",0,0
"26298",111,"655",0,0
"26308",121,"655",0,0
"26318",131,"655",0,0
"26328",141,"655",0,0
"26338",151,"655",0,0
"26348",161,"655",0,0
"26358",171,"655",0,0
"26368",181,"655",0,0
"26378",191,"655",0,0
"26388",201,"655",0,0
"26398",211,"655",0,0
"26408",221,"655",0,0
"26418",231,"655",0,0
"26428",241,"655",0,0
"26438",251,"655",0,0
"26448",261,"655",0,0
"26458",271,"655",0,0
"26468",281,"655",0,0
"26478",291,"655",0,0
"26487",300,"655",0,0
"26489",1,"675",0,0
"26499",11,"675",0,0
"26509",21,"675",0,0
"26519",31,"675",2,0.00109289617486339
"26529",41,"675",12,0.00666296501943365
"26539",51,"675",10,0.00537923614846692
"26549",61,"675",16,0.00908574673480977
"26559",71,"675",22,0.0130331753554502
"26569",81,"675",4,0.00212765957446809
"26579",91,"675",10,0.00563063063063063
"26589",101,"675",3,0.00158227848101266
"26599",111,"675",2,0.00116822429906542
"26609",121,"675",2,0.00107991360691145
"26619",131,"675",16,0.00883002207505519
"26629",141,"675",14,0.00791855203619909
"26639",151,"675",13,0.00717439293598234
"26649",161,"675",13,0.00733634311512415
"26659",171,"675",28,0.0156337241764377
"26669",181,"675",25,0.0145180023228804
"26679",191,"675",44,0.023926046764546
"26689",201,"675",82,0.0456824512534819
"26699",211,"675",75,0.0410733844468784
"26709",221,"675",64,0.0349917987971569
"26719",231,"675",79,0.0478497880072683
"26729",241,"675",91,0.0484042553191489
"26739",251,"675",33,0.0189111747851003
"26749",261,"675",82,0.0432946145723337
"26759",271,"675",91,0.0474452554744526
"26769",281,"675",100,0.0551571980143409
"26779",291,"675",93,0.0514096185737977
"26788",300,"675",113,0.0600744284954811
"26790",1,"678",0,0
"26800",11,"678",0,0
"26810",21,"678",0,0
"26820",31,"678",0,0
"26830",41,"678",0,0
"26840",51,"678",0,0
"26850",61,"678",0,0
"26860",71,"678",0,0
"26870",81,"678",0,0
"26880",91,"678",0,0
"26890",101,"678",0,0
"26900",111,"678",0,0
"26910",121,"678",0,0
"26920",131,"678",0,0
"26930",141,"678",0,0
"26940",151,"678",0,0
"26950",161,"678",0,0
"26960",171,"678",0,0
"26970",181,"678",0,0
"26980",191,"678",0,0
"26990",201,"678",0,0
"27000",211,"678",0,0
"27010",221,"678",0,0
"27020",231,"678",0,0
"27030",241,"678",0,0
"27040",251,"678",0,0
"27050",261,"678",0,0
"27060",271,"678",0,0
"27070",281,"678",0,0
"27080",291,"678",0,0
"27089",300,"678",0,0
"27091",1,"69",0,0
"27101",11,"69",0,0
"27111",21,"69",0,0
"27121",31,"69",1,0.000546448087431694
"27131",41,"69",5,0.00277623542476402
"27141",51,"69",0,0
"27151",61,"69",1,0.00056785917092561
"27161",71,"69",0,0
"27171",81,"69",5,0.00265957446808511
"27181",91,"69",0,0
"27191",101,"69",0,0
"27201",111,"69",0,0
"27211",121,"69",0,0
"27221",131,"69",0,0
"27231",141,"69",0,0
"27241",151,"69",0,0
"27251",161,"69",0,0
"27261",171,"69",0,0
"27271",181,"69",0,0
"27281",191,"69",0,0
"27291",201,"69",0,0
"27301",211,"69",0,0
"27311",221,"69",0,0
"27321",231,"69",0,0
"27331",241,"69",0,0
"27341",251,"69",0,0
"27351",261,"69",0,0
"27361",271,"69",0,0
"27371",281,"69",0,0
"27381",291,"69",0,0
"27390",300,"69",0,0
"27392",1,"73",0,0
"27402",11,"73",0,0
"27412",21,"73",0,0
"27422",31,"73",0,0
"27432",41,"73",0,0
"27442",51,"73",0,0
"27452",61,"73",0,0
"27462",71,"73",0,0
"27472",81,"73",0,0
"27482",91,"73",0,0
"27492",101,"73",0,0
"27502",111,"73",0,0
"27512",121,"73",0,0
"27522",131,"73",0,0
"27532",141,"73",0,0
"27542",151,"73",0,0
"27552",161,"73",0,0
"27562",171,"73",0,0
"27572",181,"73",0,0
"27582",191,"73",0,0
"27592",201,"73",0,0
"27602",211,"73",0,0
"27612",221,"73",0,0
"27622",231,"73",0,0
"27632",241,"73",0,0
"27642",251,"73",0,0
"27652",261,"73",0,0
"27662",271,"73",0,0
"27672",281,"73",0,0
"27682",291,"73",0,0
"27691",300,"73",0,0
"27693",1,"738",0,0
"27703",11,"738",0,0
"27713",21,"738",0,0
"27723",31,"738",0,0
"27733",41,"738",12,0.00666296501943365
"27743",51,"738",11,0.00591715976331361
"27753",61,"738",13,0.00738216922203294
"27763",71,"738",3,0.00177725118483412
"27773",81,"738",7,0.00372340425531915
"27783",91,"738",1,0.000563063063063063
"27793",101,"738",16,0.00843881856540084
"27803",111,"738",9,0.00525700934579439
"27813",121,"738",1,0.000539956803455724
"27823",131,"738",7,0.00386313465783664
"27833",141,"738",0,0
"27843",151,"738",4,0.0022075055187638
"27853",161,"738",4,0.00225733634311512
"27863",171,"738",9,0.0050251256281407
"27873",181,"738",3,0.00174216027874564
"27883",191,"738",0,0
"27893",201,"738",0,0
"27903",211,"738",0,0
"27913",221,"738",0,0
"27923",231,"738",0,0
"27933",241,"738",0,0
"27943",251,"738",0,0
"27953",261,"738",0,0
"27963",271,"738",0,0
"27973",281,"738",0,0
"27983",291,"738",0,0
"27992",300,"738",0,0
"27994",1,"744",0,0
"28004",11,"744",0,0
"28014",21,"744",0,0
"28024",31,"744",0,0
"28034",41,"744",0,0
"28044",51,"744",5,0.00268961807423346
"28054",61,"744",23,0.013060760931289
"28064",71,"744",1,0.000592417061611374
"28074",81,"744",0,0
"28084",91,"744",0,0
"28094",101,"744",0,0
"28104",111,"744",0,0
"28114",121,"744",0,0
"28124",131,"744",0,0
"28134",141,"744",0,0
"28144",151,"744",1,0.000551876379690949
"28154",161,"744",21,0.0118510158013544
"28164",171,"744",4,0.00223338916806253
"28174",181,"744",8,0.00464576074332172
"28184",191,"744",2,0.00108754758020663
"28194",201,"744",0,0
"28204",211,"744",0,0
"28214",221,"744",0,0
"28224",231,"744",0,0
"28234",241,"744",0,0
"28244",251,"744",0,0
"28254",261,"744",0,0
"28264",271,"744",0,0
"28274",281,"744",0,0
"28284",291,"744",0,0
"28293",300,"744",0,0
"28295",1,"746",0,0
"28305",11,"746",0,0
"28315",21,"746",0,0
"28325",31,"746",0,0
"28335",41,"746",0,0
"28345",51,"746",0,0
"28355",61,"746",0,0
"28365",71,"746",0,0
"28375",81,"746",0,0
"28385",91,"746",0,0
"28395",101,"746",0,0
"28405",111,"746",0,0
"28415",121,"746",0,0
"28425",131,"746",0,0
"28435",141,"746",0,0
"28445",151,"746",0,0
"28455",161,"746",0,0
"28465",171,"746",0,0
"28475",181,"746",0,0
"28485",191,"746",0,0
"28495",201,"746",0,0
"28505",211,"746",0,0
"28515",221,"746",0,0
"28525",231,"746",0,0
"28535",241,"746",0,0
"28545",251,"746",0,0
"28555",261,"746",0,0
"28565",271,"746",0,0
"28575",281,"746",0,0
"28585",291,"746",0,0
"28594",300,"746",0,0
"28596",1,"752",0,0
"28606",11,"752",0,0
"28616",21,"752",0,0
"28626",31,"752",0,0
"28636",41,"752",0,0
"28646",51,"752",0,0
"28656",61,"752",0,0
"28666",71,"752",0,0
"28676",81,"752",0,0
"28686",91,"752",0,0
"28696",101,"752",0,0
"28706",111,"752",0,0
"28716",121,"752",0,0
"28726",131,"752",0,0
"28736",141,"752",0,0
"28746",151,"752",0,0
"28756",161,"752",0,0
"28766",171,"752",0,0
"28776",181,"752",0,0
"28786",191,"752",0,0
"28796",201,"752",0,0
"28806",211,"752",0,0
"28816",221,"752",0,0
"28826",231,"752",0,0
"28836",241,"752",0,0
"28846",251,"752",0,0
"28856",261,"752",0,0
"28866",271,"752",0,0
"28876",281,"752",0,0
"28886",291,"752",0,0
"28895",300,"752",0,0
"28897",1,"88",0,0
"28907",11,"88",0,0
"28917",21,"88",0,0
"28927",31,"88",2,0.00109289617486339
"28937",41,"88",1,0.000555247084952804
"28947",51,"88",2,0.00107584722969338
"28957",61,"88",12,0.00681431005110733
"28967",71,"88",11,0.00651658767772512
"28977",81,"88",2,0.00106382978723404
"28987",91,"88",7,0.00394144144144144
"28997",101,"88",2,0.00105485232067511
"29007",111,"88",7,0.00408878504672897
"29017",121,"88",0,0
"29027",131,"88",0,0
"29037",141,"88",0,0
"29047",151,"88",0,0
"29057",161,"88",0,0
"29067",171,"88",0,0
"29077",181,"88",0,0
"29087",191,"88",0,0
"29097",201,"88",0,0
"29107",211,"88",0,0
"29117",221,"88",0,0
"29127",231,"88",0,0
"29137",241,"88",0,0
"29147",251,"88",0,0
"29157",261,"88",0,0
"29167",271,"88",0,0
"29177",281,"88",0,0
"29187",291,"88",0,0
"29196",300,"88",0,0
"29198",1,"93",0,0
"29208",11,"93",0,0
"29218",21,"93",0,0
"29228",31,"93",0,0
"29238",41,"93",1,0.000555247084952804
"29248",51,"93",0,0
"29258",61,"93",0,0
"29268",71,"93",0,0
"29278",81,"93",0,0
"29288",91,"93",0,0
"29298",101,"93",0,0
"29308",111,"93",0,0
"29318",121,"93",0,0
"29328",131,"93",0,0
"29338",141,"93",0,0
"29348",151,"93",0,0
"29358",161,"93",0,0
"29368",171,"93",0,0
"29378",181,"93",0,0
"29388",191,"93",0,0
"29398",201,"93",0,0
"29408",211,"93",0,0
"29418",221,"93",0,0
"29428",231,"93",0,0
"29438",241,"93",0,0
"29448",251,"93",0,0
"29458",261,"93",0,0
"29468",271,"93",0,0
"29478",281,"93",0,0
"29488",291,"93",0,0
"29497",300,"93",0,0
"29499",1,"95",0,0
"29509",11,"95",0,0
"29519",21,"95",0,0
"29529",31,"95",2,0.00109289617486339
"29539",41,"95",7,0.00388672959466963
"29549",51,"95",3,0.00161377084454008
"29559",61,"95",2,0.00113571834185122
"29569",71,"95",6,0.00355450236966825
"29579",81,"95",24,0.0127659574468085
"29589",91,"95",8,0.0045045045045045
"29599",101,"95",4,0.00210970464135021
"29609",111,"95",7,0.00408878504672897
"29619",121,"95",25,0.0134989200863931
"29629",131,"95",21,0.0115894039735099
"29639",141,"95",34,0.0192307692307692
"29649",151,"95",56,0.0309050772626932
"29659",161,"95",28,0.0158013544018059
"29669",171,"95",40,0.0223338916806253
"29679",181,"95",55,0.0319396051103368
"29689",191,"95",43,0.0233822729744426
"29699",201,"95",37,0.0206128133704735
"29709",211,"95",28,0.0153340635268346
"29719",221,"95",38,0.0207763805358119
"29729",231,"95",32,0.0193821926105391
"29739",241,"95",26,0.0138297872340426
"29749",251,"95",17,0.00974212034383954
"29759",261,"95",37,0.0195353748680042
"29769",271,"95",46,0.0239833159541189
"29779",281,"95",23,0.0126861555432984
"29789",291,"95",27,0.0149253731343284
"29798",300,"95",56,0.0297713981924508
"29800",1,"99",0,0
"29810",11,"99",0,0
"29820",21,"99",0,0
"29830",31,"99",1,0.000546448087431694
"29840",41,"99",24,0.0133259300388673
"29850",51,"99",24,0.0129101667563206
"29860",61,"99",60,0.0340715502555366
"29870",71,"99",84,0.0497630331753555
"29880",81,"99",60,0.0319148936170213
"29890",91,"99",33,0.0185810810810811
"29900",101,"99",20,0.0105485232067511
"29910",111,"99",14,0.00817757009345794
"29920",121,"99",30,0.0161987041036717
"29930",131,"99",26,0.0143487858719647
"29940",141,"99",51,0.0288461538461538
"29950",151,"99",44,0.0242825607064018
"29960",161,"99",22,0.0124153498871332
"29970",171,"99",39,0.0217755443886097
"29980",181,"99",28,0.016260162601626
"29990",191,"99",56,0.0304513322457858
"30000",201,"99",27,0.015041782729805
"30010",211,"99",19,0.0104052573932092
"30020",221,"99",25,0.0136686714051394
"30030",231,"99",7,0.00423985463355542
"30040",241,"99",4,0.00212765957446809
"30050",251,"99",1,0.000573065902578797
"30060",261,"99",12,0.00633579725448786
"30070",271,"99",6,0.00312825860271116
"30080",281,"99",22,0.012134583563155
"30090",291,"99",7,0.00386954118297402
"30099",300,"99",8,0.00425305688463583
"30101",1,"Other",0,0
"30111",11,"Other",0,0
"30121",21,"Other",0,0
"30131",31,"Other",1,0.000546448087431694
"30141",41,"Other",0,0
"30151",51,"Other",0,0
"30161",61,"Other",0,0
"30171",71,"Other",0,0
"30181",81,"Other",0,0
"30191",91,"Other",0,0
"30201",101,"Other",0,0
"30211",111,"Other",0,0
"30221",121,"Other",0,0
"30231",131,"Other",0,0
"30241",141,"Other",0,0
"30251",151,"Other",0,0
"30261",161,"Other",0,0
"30271",171,"Other",0,0
"30281",181,"Other",0,0
"30291",191,"Other",0,0
"30301",201,"Other",0,0
"30311",211,"Other",0,0
"30321",221,"Other",0,0
"30331",231,"Other",0,0
"30341",241,"Other",0,0
"30351",251,"Other",0,0
"30361",261,"Other",0,0
"30371",271,"Other",0,0
"30381",281,"Other",0,0
"30391",291,"Other",0,0
"30400",300,"Other",0,0
"30402",1,"Sus_OverTime",900,1
"30412",11,"Sus_OverTime",1313,1
"30422",21,"Sus_OverTime",1788,1
"30432",31,"Sus_OverTime",1781,0.973224043715847
"30442",41,"Sus_OverTime",1628,0.903942254303165
"30452",51,"Sus_OverTime",1633,0.878429263044648
"30462",61,"Sus_OverTime",1423,0.808063600227144
"30472",71,"Sus_OverTime",1331,0.788507109004739
"30482",81,"Sus_OverTime",1535,0.816489361702128
"30492",91,"Sus_OverTime",1471,0.828265765765766
"30502",101,"Sus_OverTime",1615,0.851793248945148
"30512",111,"Sus_OverTime",1397,0.816004672897196
"30522",121,"Sus_OverTime",1485,0.801835853131749
"30532",131,"Sus_OverTime",1454,0.80242825607064
"30542",141,"Sus_OverTime",1353,0.76527149321267
"30552",151,"Sus_OverTime",1430,0.789183222958057
"30562",161,"Sus_OverTime",1440,0.812641083521445
"30572",171,"Sus_OverTime",1412,0.788386376326075
"30582",181,"Sus_OverTime",1377,0.799651567944251
"30592",191,"Sus_OverTime",1522,0.827623708537249
"30602",201,"Sus_OverTime",1485,0.827298050139276
"30612",211,"Sus_OverTime",1532,0.838992332968237
"30622",221,"Sus_OverTime",1518,0.829961727720066
"30632",231,"Sus_OverTime",1389,0.841308298001211
"30642",241,"Sus_OverTime",1634,0.869148936170213
"30652",251,"Sus_OverTime",1547,0.886532951289398
"30662",261,"Sus_OverTime",1533,0.809398099260824
"30672",271,"Sus_OverTime",1549,0.807612095933264
"30682",281,"Sus_OverTime",1443,0.795918367346939
"30692",291,"Sus_OverTime",1435,0.793255942509674
"30701",300,"Sus_OverTime",1442,0.766613503455609
